"species","Biomass.sim","Yield.sim","target","F","Biochange","Yieldchange","Functional.group"
"SAP",25008.8264,3304.0282412,"all",0.9,0.0497291677009321,0.852124441853729,"low trophic"
"JFS",8361.18556,859.46937981,"all",0.9,-0.0418454062979231,0.739058702587927,"low trophic"
"JA",8782.949682,1317.968987746,"all",0.9,-0.126306568040786,0.680329040343157,"low trophic"
"SP",43644.68318,8541.253074,"all",0.9,0.000295043456356822,0.752090577642431,"low trophic"
"PCM",4363.446666,1048.04045238,"all",0.9,0.0962154112850581,0.972251583474683,"low trophic"
"BS",801.5010402,195.39440312,"all",0.9,-0.227832406571476,0.229315894542528,"middle trophic"
"SYC",26348.77084,10516.290664,"all",0.9,-0.175673591954922,0.563666272270358,"middle trophic"
"WC",4159.929654,659.57167044,"all",0.9,-0.155244074654317,0.374641218321029,"middle trophic"
"SC",2821.54548,1028.25759708,"all",0.9,-0.241592563735695,0.241580844634322,"high trophic"
"CM",2366.1744958,749.45290456,"all",0.9,-0.0932042425356442,0.404270187386841,"high trophic"
"LH",5303.47615,1706.0642278,"all",0.9,-0.384071655076448,0.115883679173827,"high trophic"
"JSM",3861.7132314,2710.3295188,"all",0.9,-0.111890127355655,0.628142252435248,"high trophic"
"SAP",22276.7294,2813.1454978,"all",0.8,-0.064948820942638,0.57695248182074,"low trophic"
"JFS",8926.578438,891.93459154,"all",0.8,0.0229460971814159,0.80474912776968,"low trophic"
"JA",9787.706678,1337.41005652,"all",0.8,-0.0263572776652121,0.705115202035875,"low trophic"
"SP",41418.5128,7856.238528,"all",0.8,-0.050726685532245,0.611571672372185,"low trophic"
"PCM",3775.2468486,852.51857728,"all",0.8,-0.0515562367044024,0.604309366269029,"low trophic"
"BS",985.7971144,231.48558456,"all",0.8,-0.0502812257797098,0.456382086247939,"middle trophic"
"SYC",24932.5929,9189.986502,"all",0.8,-0.2199789935815,0.366458230846523,"middle trophic"
"WC",3679.78481,613.61707938,"all",0.8,-0.252746973916849,0.27886531120843,"middle trophic"
"SC",3192.7253222,1100.78553332,"all",0.8,-0.141822577920725,0.329155491874626,"high trophic"
"CM",2159.1777378,658.54180622,"all",0.8,-0.172532196706587,0.233927602382909,"high trophic"
"LH",6163.6445796,1848.1710018,"all",0.8,-0.284174511728492,0.208831311052334,"high trophic"
"JSM",4331.807432,2893.4544418,"all",0.8,-0.00377870747315045,0.738148590241087,"high trophic"
"SAP",24736.87366,3026.0213302,"all",0.7,0.0383141289122991,0.696283342057214,"low trophic"
"JFS",8002.4938702,743.7625347,"all",0.7,-0.0829498750169058,0.504936346789723,"low trophic"
"JA",10344.7175932,1323.22956854,"all",0.7,0.029051986392989,0.687035955877146,"low trophic"
"SP",41506.08784,7526.709146,"all",0.7,-0.0487195480744887,0.543974409973291,"low trophic"
"PCM",4320.010876,880.789974,"all",0.7,0.0853031701041685,0.657511804038906,"low trophic"
"BS",672.93950482,136.72700253,"all",0.7,-0.351688828962493,-0.139787656455748,"middle trophic"
"SYC",29452.41196,10309.373474,"all",0.7,-0.0785755773322934,0.532899774700683,"middle trophic"
"WC",4547.4816068,685.5572916,"all",0.7,-0.0765439917833751,0.428798950575329,"middle trophic"
"SC",2558.47973356,822.21169381,"all",0.7,-0.312302399795653,-0.00721152737623466,"high trophic"
"CM",2082.06055,622.41588096,"all",0.7,-0.202086035127527,0.166237478659702,"high trophic"
"LH",6398.1038744,1792.4887224,"all",0.7,-0.256945177361049,0.172411259691325,"high trophic"
"JSM",3960.711154,2510.5849912,"all",0.7,-0.0891227629337078,0.508152228040625,"high trophic"
"SAP",23071.36198,2622.1752216,"all",0.6,-0.0315946369641588,0.469901121966408,"low trophic"
"JFS",8508.246528,773.2890562,"all",0.6,-0.0249928749155824,0.564680597577431,"low trophic"
"JA",12357.741472,1533.4468126,"all",0.6,0.229299716934937,0.955049955644338,"low trophic"
"SP",40103.53708,6526.175006,"all",0.6,-0.0808646908777442,0.338732108391118,"low trophic"
"PCM",3460.840022,700.18371632,"all",0.6,-0.13054370581173,0.317638493914361,"low trophic"
"BS",689.0258368,149.06010432,"all",0.6,-0.336191226802189,-0.0621944510344718,"middle trophic"
"SYC",23903.14573,7807.236786,"all",0.6,-0.252185448033258,0.160857305293728,"middle trophic"
"WC",4027.622828,600.595008,"all",0.6,-0.182111590339279,0.251725461410265,"middle trophic"
"SC",3735.341861,1192.59016592,"all",0.6,0.00402813438674341,0.440005996270154,"high trophic"
"CM",2322.5204718,702.78407554,"all",0.6,-0.109933897863141,0.316825539598711,"high trophic"
"LH",5635.823362,1610.749817,"all",0.6,-0.345473938703741,0.053541480287832,"high trophic"
"JSM",3865.5001732,2228.6053272,"all",0.6,-0.111019213282502,0.338762121744929,"high trophic"
"SAP",24125.64564,2579.7276944,"all",0.5,0.0126582316523585,0.446106500103606,"low trophic"
"JFS",7401.9136506,625.78454928,"all",0.5,-0.151773690989762,0.266218543598411,"low trophic"
"JA",10723.553,1248.2300492,"all",0.5,0.0667370487807523,0.591416201899241,"low trophic"
"SP",46464.76084,7439.377624,"all",0.5,0.0649285680904106,0.526059856277048,"low trophic"
"PCM",3470.27347,658.2217641,"all",0.5,-0.12817376941266,0.23867252793123,"low trophic"
"BS",817.40714536,164.698938782,"all",0.5,-0.212508435264897,0.0361966362703633,"middle trophic"
"SYC",32329.18646,10022.000798,"all",0.5,0.0114248710658785,0.4901703584654,"middle trophic"
"WC",3380.0018436,475.0756466,"all",0.5,-0.313623829596511,-0.00987474916680486,"middle trophic"
"SC",3343.8028612,1013.186624,"all",0.5,-0.101214219897692,0.22338323390014,"high trophic"
"CM",2912.940694,787.36687934,"all",0.5,0.116334517066717,0.475310627880094,"high trophic"
"LH",6146.561396,1617.78478512,"all",0.5,-0.286158496704227,0.0581428346686921,"high trophic"
"JSM",3924.6908692,2212.7706142,"all",0.5,-0.0974066433332743,0.329249933241038,"high trophic"
"SAP",23453.86698,2356.9977942,"all",0.4,-0.0155392392070117,0.321251788830849,"low trophic"
"JFS",7738.3752,617.97033836,"all",0.4,-0.113216697265809,0.250407193219311,"low trophic"
"JA",0,0,"all",0.4,-1,-1,"low trophic"
"SP",44539.9912,6829.971164,"all",0.4,0.020814660269227,0.401050644248117,"low trophic"
"PCM",2974.22729,534.92525408,"all",0.4,-0.25279393985319,0.00664738369979556,"low trophic"
"BS",1176.7655472,225.9793425,"all",0.4,0.133698117702111,0.421739789562504,"middle trophic"
"SYC",27173.57162,7798.440448,"all",0.4,-0.149869539520794,0.159549378621715,"middle trophic"
"WC",4616.961418,565.8349298,"all",0.4,-0.0624347430496466,0.179280512078365,"middle trophic"
"SC",3022.3313644,892.44745054,"all",0.4,-0.187623025089142,0.0775954027276618,"high trophic"
"CM",2380.9412712,596.86198344,"all",0.4,-0.0875451293519305,0.118356449390836,"high trophic"
"LH",7343.942618,1770.546808,"all",0.4,-0.14709856441642,0.158059734250596,"high trophic"
"JSM",3654.7944232,1827.06454212,"all",0.4,-0.159476943203087,0.0975495630025423,"high trophic"
"SAP",23880.68884,2262.5835792,"all",0.3,0.00237632982802162,0.268326431511136,"low trophic"
"JFS",7494.753712,560.48333596,"all",0.3,-0.141134633804432,0.134087433425758,"low trophic"
"JA",8280.6896046,822.448783126,"all",0.3,-0.176269433211133,0.0485713907767955,"low trophic"
"SP",47089.59354,6622.203518,"all",0.3,0.0792491452434569,0.358430699406104,"low trophic"
"PCM",3429.196228,561.2187805,"all",0.3,-0.138493479765569,0.0561277725523586,"low trophic"
"BS",1142.0952366,215.02450982,"all",0.3,0.100296675961323,0.352817907868137,"middle trophic"
"SYC",32161.14934,8747.181806,"all",0.3,0.0061677971633055,0.300617642138911,"middle trophic"
"WC",5304.09823,615.969711,"all",0.3,0.0771019659189763,0.283768530284258,"middle trophic"
"SC",3716.727044,1006.0964787,"all",0.3,-0.00097537015981416,0.214822160667953,"high trophic"
"CM",2842.2843184,678.24046722,"all",0.3,0.0892566740143072,0.270837516542199,"high trophic"
"LH",5404.6805812,1286.2159826,"all",0.3,-0.372318104000717,-0.158726031829018,"high trophic"
"JSM",5296.9413312,2571.6623662,"all",0.3,0.218181053115418,0.544842473346797,"high trophic"
"SAP",25093.57784,2210.376421,"all",0.2,0.0532865540872303,0.239060896629744,"low trophic"
"JFS",8530.791588,596.70307182,"all",0.2,-0.022409311538203,0.207374799249883,"low trophic"
"JA",10249.2842308,966.92730948,"all",0.2,0.0195586493094868,0.232772586552881,"low trophic"
"SP",10416.337836,1321.0195818,"all",0.2,-0.761267344630597,-0.729015644180066,"low trophic"
"PCM",3644.977632,565.19139656,"all",0.2,-0.084283375084636,0.0636036274175783,"low trophic"
"BS",1333.0586258,237.602077426,"all",0.2,0.28427116042952,0.494863750916768,"middle trophic"
"SYC",36717.12786,9070.337798,"all",0.2,0.148702469134445,0.348667676273311,"middle trophic"
"WC",4914.933088,561.9773396,"all",0.2,-0.00192570689909239,0.171240745166039,"middle trophic"
"SC",3658.452294,978.53587692,"all",0.2,-0.0166391275083022,0.181543811610464,"high trophic"
"CM",3476.787506,785.14678302,"all",0.2,0.33241912869995,0.471150773329749,"high trophic"
"LH",6298.058258,1385.5718236,"all",0.2,-0.268564147482393,-0.0937404588383356,"high trophic"
"JSM",4212.99667,1936.5675404,"all",0.2,-0.0311025931129817,0.163329925512467,"high trophic"
"SAP",24503.48268,1986.5215472,"all",0.1,0.0285176948347566,0.113575563900724,"low trophic"
"JFS",7840.8645002,484.959664514,"all",0.1,-0.1014718803272,-0.0187278979460154,"low trophic"
"JA",9761.2644024,839.15300792,"all",0.1,-0.0289876516687342,0.0698682454666631,"low trophic"
"SP",45907.4769,5509.301066,"all",0.1,0.0521561449138969,0.130137978994861,"low trophic"
"PCM",3096.5958878,456.64950194,"all",0.1,-0.222051649862357,-0.140655590870705,"low trophic"
"BS",1292.0180664,204.39135764,"all",0.1,0.244732609142112,0.285919865881051,"middle trophic"
"SYC",39631.47866,9134.509894,"all",0.1,0.239878499368852,0.358209419207404,"middle trophic"
"WC",4165.568272,427.83203614,"all",0.1,-0.154099041838274,-0.108337156136612,"middle trophic"
"SC",3824.037382,914.1035716,"all",0.1,0.0278687363428518,0.103744322175019,"high trophic"
"CM",3051.1473632,651.29599056,"all",0.1,0.169299850564435,0.220350921509796,"high trophic"
"LH",7717.952394,1523.2032482,"all",0.1,-0.103662294354772,-0.00372001415048927,"high trophic"
"JSM",4301.824672,1765.3899254,"all",0.1,-0.0106740887636644,0.0605005441699393,"high trophic"
"SAP",27293.94974,2035.1488422,"all",0,0.145645728655275,0.140834350762067,"low trophic"
"JFS",9212.2246866,525.73994792,"all",0,0.0556798839519436,0.0637873241400631,"low trophic"
"JA",11254.799072,885.5261625,"all",0,0.119583327157112,0.128991152801804,"low trophic"
"SP",44996.4531,4881.1105274,"all",0,0.0312763372211153,0.00127553760489564,"low trophic"
"PCM",3266.997368,434.53789822,"all",0,-0.179242205173473,-0.18226624182497,"low trophic"
"BS",1116.9049254,166.1042621,"all",0,0.0760282832813012,0.0450381704402425,"middle trophic"
"SYC",35346.56164,7312.335612,"all",0,0.105824039017873,0.087270496159598,"middle trophic"
"WC",5045.854446,482.06438354,"all",0,0.0246604621286601,0.00469077311422019,"middle trophic"
"SC",3662.1705046,805.16294338,"all",0,-0.0156397041112224,-0.0277972269314331,"high trophic"
"CM",2621.753156,517.6461984,"all",0,0.00474189169036419,-0.0300723106090008,"high trophic"
"LH",7054.254506,1352.26895948,"all",0,-0.180741992673977,-0.11552282900688,"high trophic"
"JSM",4696.663596,1750.7975962,"all",0,0.0801302577780244,0.0517346773012923,"high trophic"
"SAP",23677.36012,1630.0203012,"all",-0.1,-0.00615826050426576,-0.0862667567654274,"low trophic"
"JFS",8024.90559,409.3741486,"all",-0.1,-0.0803815918320588,-0.171668366015859,"low trophic"
"JA",11949.80965106,837.959632463,"all",-0.1,0.188720257237829,0.0683467654811141,"low trophic"
"SP",42690.24964,4147.566742,"all",-0.1,-0.0215796746034136,-0.149198303124613,"low trophic"
"PCM",4629.471862,564.9388864,"all",-0.1,0.163048110746619,0.0631284419781493,"low trophic"
"BS",1282.24764,175.75200226,"all",-0.1,0.235319762169168,0.105736533012176,"middle trophic"
"SYC",35320.63346,6553.766676,"all",-0.1,0.105012870875862,-0.0255210477709732,"middle trophic"
"WC",4482.29568,393.3060298,"all",-0.1,-0.0897812824333505,-0.180294266403819,"middle trophic"
"SC",3470.7435502,730.8866884,"all",-0.1,-0.0670936419433315,-0.117482900692779,"high trophic"
"CM",4388.3353446,786.45769598,"all",-0.1,0.681754190097784,0.473607066416061,"high trophic"
"LH",6790.85444,1191.3869214,"all",-0.1,-0.211332413393439,-0.220750778600077,"high trophic"
"JSM",3692.686639,1313.4708606,"all",-0.1,-0.150762559474456,-0.210975126584543,"high trophic"
"SAP",27000.39478,1656.451616,"all",-0.2,0.133323950779473,-0.0714502719784721,"low trophic"
"JFS",6581.995606,293.56625136,"all",-0.2,-0.245732643970195,-0.405995191676772,"low trophic"
"JA",7724.89047074,480.329327938,"all",-0.2,-0.231558154008122,-0.387609779769507,"low trophic"
"SP",47633.39742,4341.362244,"all",-0.2,0.0917126181373466,-0.109444502353004,"low trophic"
"PCM",3419.364646,382.48902018,"all",-0.2,-0.140963438156419,-0.280214256998768,"low trophic"
"BS",1320.8252046,169.87341416,"all",-0.2,0.272485459683524,0.0687516364470458,"middle trophic"
"SYC",41641.48808,6905.162442,"all",-0.2,0.30276203406528,0.026727955710242,"middle trophic"
"WC",4876.842376,381.04471856,"all",-0.2,-0.00966077872457284,-0.205848583813969,"middle trophic"
"SC",3996.930072,715.69568628,"all",-0.2,0.0743408214824256,-0.135825441799747,"high trophic"
"CM",3193.630883,522.4883655,"all",-0.2,0.223904213637643,-0.0209994110852242,"high trophic"
"LH",8334.501644,1179.5574846,"all",-0.2,-0.0320582843855078,-0.228488046191673,"high trophic"
"JSM",4846.475444,1433.4288318,"all",-0.2,0.114583717492758,-0.138914279343502,"high trophic"
"SAP",24234.00026,1284.1818092,"all",-0.3,0.0172063461160245,-0.280131904762588,"low trophic"
"JFS",8431.53534348,336.422658853,"all",-0.3,-0.0337836347078056,-0.319279119919995,"low trophic"
"JA",9784.8922024,547.94985874,"all",-0.3,-0.0266372506737298,-0.301397780332144,"low trophic"
"SP",47359.4097,3712.534288,"all",-0.3,0.0854330775767337,-0.238437698915646,"low trophic"
"PCM",4321.138408,411.37199316,"all",-0.3,0.0855864365331471,-0.225860926394114,"low trophic"
"BS",894.3040384,97.0241738,"all",-0.3,-0.13842582543321,-0.389576379350304,"middle trophic"
"SYC",38429.42682,5610.0844154,"all",-0.3,0.202272074326553,-0.16583707457037,"middle trophic"
"WC",5599.61099,365.58572596,"all",-0.3,0.137111671800714,-0.238067324208783,"middle trophic"
"SC",3787.23833,615.64758836,"all",-0.3,0.0179774640305315,-0.256629608257956,"high trophic"
"CM",2900.9318422,426.67684432,"all",-0.3,0.111732330759838,-0.200524050969364,"high trophic"
"LH",8497.94385,1123.43001934,"all",-0.3,-0.0130766420465988,-0.265199279811403,"high trophic"
"JSM",5093.617218,1314.8844992,"all",-0.3,0.171420938767385,-0.210125929201579,"high trophic"
"SAP",25741.80982,1169.486946,"all",-0.4,0.0804956684198614,-0.344425895001193,"low trophic"
"JFS",8955.5114723,315.15589624,"all",-0.4,0.0262616939380419,-0.36231049423863,"low trophic"
"JA",11968.874406,588.10178616,"all",-0.4,0.190616744383501,-0.250206553302621,"low trophic"
"SP",45632.15416,3100.317679,"all",-0.4,0.0458460069519142,-0.364023364486232,"low trophic"
"PCM",4073.108474,344.09104186,"all",-0.4,0.0232746319156146,-0.352473370062458,"low trophic"
"BS",1390.7910862,126.88715312,"all",-0.4,0.339890720197842,-0.20169466651575,"middle trophic"
"SYC",39992.80146,4911.762044,"all",-0.4,0.251182553272446,-0.269670562462449,"middle trophic"
"WC",4922.988376,292.45754772,"all",-0.4,-0.000289921480984846,-0.390476853809062,"middle trophic"
"SC",3178.09857,470.19033086,"all",-0.4,-0.145754124555542,-0.432263559456463,"high trophic"
"CM",3859.75938,472.54865662,"all",-0.4,0.47918652526677,-0.114572794976683,"high trophic"
"LH",8868.189884,996.1294788,"all",-0.4,0.0299225193498617,-0.348462613760894,"high trophic"
"JSM",4305.5583388,973.7809574,"all",-0.4,-0.00981542677931969,-0.415032780935896,"high trophic"
"SAP",24908.55454,977.8379152,"all",-0.5,0.0455203218135607,-0.451857741308094,"low trophic"
"JFS",8028.6984046,239.78070402,"all",-0.5,-0.0799469521860455,-0.514825391300358,"low trophic"
"JA",12550.389508,502.71543756,"all",-0.5,0.248463588962804,-0.359068872928836,"low trophic"
"SP",50514.83456,2854.1018666,"all",-0.5,0.157752444278045,-0.414530286741679,"low trophic"
"PCM",3797.28388,261.7259004,"all",-0.5,-0.046019940448535,-0.507471948885159,"low trophic"
"BS",1038.7081602,80.00967758,"all",-0.5,0.000693374192085017,-0.496622386333596,"middle trophic"
"SYC",45479.37932,4704.503458,"all",-0.5,0.42283120615486,-0.300487822171338,"middle trophic"
"WC",4781.380756,225.97097996,"all",-0.5,-0.0290461471912142,-0.529044322067091,"middle trophic"
"SC",3697.42734,450.43810214,"all",-0.5,-0.0061629665090674,-0.456113603343549,"high trophic"
"CM",3513.533776,388.11524228,"all",-0.5,0.346501505886326,-0.272777968184402,"high trophic"
"LH",6705.761554,667.6291282,"all",-0.5,-0.221214822393949,-0.563324501059308,"high trophic"
"JSM",5183.821858,1005.237666,"all",-0.5,0.19216603985126,-0.396136186983409,"high trophic"
"SAP",28018.11234,885.829333,"all",-0.6,0.176041981211058,-0.503434583729706,"low trophic"
"JFS",8442.193794,189.7084844,"all",-0.6,-0.0325622237901552,-0.616142007498255,"low trophic"
"JA",11834.399738,377.9988027,"all",-0.6,0.177239731141892,-0.518074877863392,"low trophic"
"SP",48655.5404,2221.9352738,"all",-0.6,0.115139172807956,-0.544208346992209,"low trophic"
"PCM",4475.197006,252.82136806,"all",-0.6,0.124290108720662,-0.524228914675731,"low trophic"
"BS",1478.115783,98.94522036,"all",-0.6,0.424019495574235,-0.377490193499249,"middle trophic"
"SYC",42170.02094,3502.3429016,"all",-0.6,0.319297287138876,-0.479236962524734,"middle trophic"
"WC",4197.191306,163.15172,"all",-0.6,-0.147677359845835,-0.659968599011602,"middle trophic"
"SC",3693.270751,365.48502754,"all",-0.6,-0.00728022229297719,-0.558691119343116,"high trophic"
"CM",3613.3122592,323.05299214,"all",-0.6,0.38473989676265,-0.394686866849018,"high trophic"
"LH",8721.93578,651.5762482,"all",-0.6,0.0129370468659331,-0.573824191811769,"high trophic"
"JSM",4225.446078,634.84926442,"all",-0.6,-0.0282395006224581,-0.618634965173062,"high trophic"
"SAP",27287.94658,635.564598,"all",-0.7,0.14539374993186,-0.64372437509638,"low trophic"
"JFS",8664.484746,145.65986476,"all",-0.7,-0.00708867159246813,-0.705270412909117,"low trophic"
"JA",11171.871782,273.8230285,"all",-0.7,0.111334045170257,-0.650892554391473,"low trophic"
"SP",50074.94836,1729.9572184,"all",-0.7,0.147670666762783,-0.645129149572937,"low trophic"
"PCM",5404.799028,224.94396236,"all",-0.7,0.357831192382472,-0.576689921700921,"low trophic"
"BS",992.4957432,51.741285782,"all",-0.7,-0.0438277543300954,-0.674471817000733,"middle trophic"
"SYC",42737.55388,2629.608407,"all",-0.7,0.337052665282256,-0.60900377265338,"middle trophic"
"WC",5287.164028,162.87229772,"all",-0.7,0.0736631415468514,-0.660550954804944,"middle trophic"
"SC",3634.793006,265.52809428,"all",-0.7,-0.0229985429716033,-0.679385208038823,"high trophic"
"CM",4400.502734,299.91837912,"all",-0.7,0.686417133218387,-0.438034817284664,"high trophic"
"LH",10115.889012,602.8586333,"all",-0.7,0.174826208390039,-0.605688872208525,"high trophic"
"JSM",3838.866555,409.93214148,"all",-0.7,-0.117144364957497,-0.753746606991774,"high trophic"
"SAP",27997.02062,447.4010292,"all",-0.8,0.175156670028244,-0.749202391444791,"low trophic"
"JFS",8185.1550968,92.91225235,"all",-0.8,-0.0620177126934989,-0.812000444900046,"low trophic"
"JA",11809.703182,191.617754112,"all",-0.8,0.174783014486275,-0.755699200911865,"low trophic"
"SP",48359.51692,1097.6683684,"all",-0.8,0.108354593376609,-0.774832288776908,"low trophic"
"PCM",4880.023138,140.130721,"all",-0.8,0.225993344432749,-0.736295449514299,"low trophic"
"BS",1249.8033334,41.43785265,"all",-0.8,0.204062856823758,-0.739295445084619,"middle trophic"
"SYC",48385.997,1999.6982492,"all",-0.8,0.51376530422965,-0.702665054923198,"middle trophic"
"WC",4919.1700336,96.969221428,"all",-0.8,-0.00106531136391159,-0.797902343812759,"middle trophic"
"SC",3860.0865908,195.267290204,"all",-0.8,0.0375584571781739,-0.764222381833688,"high trophic"
"CM",3991.9357234,188.94320258,"all",-0.8,0.529840839918973,-0.645972008543674,"high trophic"
"LH",7926.570708,318.83221344,"all",-0.8,-0.0794340468377619,-0.79146174125499,"high trophic"
"JSM",4831.7915534,364.61166814,"all",-0.8,0.111206742707408,-0.780971406424239,"high trophic"
"SAP",27658.3555,220.91656694,"all",-0.9,0.160941422624754,-0.876161780901914,"low trophic"
"JFS",9129.578581,52.159130078,"all",-0.9,0.0462090086599201,-0.894460708883411,"low trophic"
"JA",8405.932358,66.39709968,"all",-0.9,-0.163810774672951,-0.915347799664339,"low trophic"
"SP",51261.16012,591.8247476,"all",-0.9,0.174857523386854,-0.87859737266865,"low trophic"
"PCM",4696.569836,63.54667417,"all",-0.9,0.179904930319535,-0.880414893841435,"low trophic"
"BS",1456.7834546,24.99132693,"all",-0.9,0.403467890702026,-0.842768088900224,"middle trophic"
"SYC",47996.92928,995.7884112,"all",-0.9,0.501593245120653,-0.851936314556099,"middle trophic"
"WC",5381.936378,50.935235266,"all",-0.9,0.0929085401185445,-0.893843721615858,"middle trophic"
"SC",4749.3168978,121.9892205,"all",-0.9,0.276576003469999,-0.852702785902307,"high trophic"
"CM",4351.48598,102.669772392,"all",-0.9,0.667632303675693,-0.807624869236416,"high trophic"
"LH",9914.56975,200.19842708,"all",-0.9,0.151445648859308,-0.869056420189456,"high trophic"
"JSM",5191.704374,194.02691918,"all",-0.9,0.193978846722561,-0.883444642787692,"high trophic"
"SAP",22791.45481,2984.9284326,"low",0.9,-0.043343557761083,0.673248078894962,"low trophic"
"JFS",7791.1426426,844.066415414,"low",0.9,-0.107169783564123,0.70789219461479,"low trophic"
"JA",9799.972926,1415.4517482,"low",0.9,-0.025137079360496,0.804613537813624,"low trophic"
"SP",35389.84312,7336.604866,"low",0.9,-0.188898118113592,0.504977799654905,"low trophic"
"PCM",3537.313744,854.4683962,"low",0.9,-0.111331445634943,0.607978626786336,"low trophic"
"BS",922.2976536,133.29604922,"low",0.9,-0.111456724463666,-0.161373358861083,"middle trophic"
"SYC",35513.00504,7403.022356,"low",0.9,0.111031253081024,0.100754699617405,"middle trophic"
"WC",6124.35832,590.3128098,"low",0.9,0.243671987285997,0.230295897203486,"middle trophic"
"SC",3554.0374816,812.01586718,"low",0.9,-0.0447049413474265,-0.0195225893853741,"high trophic"
"CM",2932.3231922,592.88342948,"low",0.9,0.123762526779449,0.110901725176753,"high trophic"
"LH",5401.155786,1021.63793448,"low",0.9,-0.372727462167385,-0.331778324324179,"high trophic"
"JSM",4269.648942,1600.8816488,"low",0.9,-0.0180738053558204,-0.0383224491782468,"high trophic"
"SAP",23545.96536,2896.652764,"low",0.8,-0.0116734698087322,0.623763779276609,"low trophic"
"JFS",7546.31437458,798.23510165,"low",0.8,-0.135226011713602,0.61515666857436,"low trophic"
"JA",9333.5112858,1243.54531912,"low",0.8,-0.0715388562190035,0.58544346045177,"low trophic"
"SP",38438.7647,7293.047758,"low",0.8,-0.119019706308356,0.496042811093511,"low trophic"
"PCM",3722.814886,827.340147,"low",0.8,-0.0647285589179178,0.556927417531871,"low trophic"
"BS",1010.65821434,149.65137274,"low",0.8,-0.0263299958401136,-0.0584745099561152,"middle trophic"
"SYC",34418.3812,7144.259198,"low",0.8,0.0767857338624245,0.0622792299296111,"middle trophic"
"WC",5441.05058,511.6910311,"low",0.8,0.104912847057621,0.0664369225045932,"middle trophic"
"SC",3687.832516,806.141534,"low",0.8,-0.00874197362514174,-0.026615617019694,"high trophic"
"CM",3802.3656948,760.9338912,"low",0.8,0.457191380641137,0.425782422728439,"high trophic"
"LH",8909.499362,1660.7995098,"low",0.8,0.0347200667875355,0.086277431510022,"high trophic"
"JSM",4267.2065188,1494.4718002,"low",0.8,-0.0186355094563367,-0.102244702682538,"high trophic"
"SAP",25124.82244,3012.285566,"low",0.7,0.0545980257824054,0.688583545704044,"low trophic"
"JFS",8137.920952,786.44021208,"low",0.7,-0.0674305351329651,0.591290774297467,"low trophic"
"JA",9675.875142,1263.0223696,"low",0.7,-0.0374818408275574,0.610275496596827,"low trophic"
"SP",43633.68148,7913.424618,"low",0.7,0.0000428948513547471,0.623302411245408,"low trophic"
"PCM",3785.59667,812.7372544,"low",0.7,-0.0489560826080699,0.529447010656108,"low trophic"
"BS",1376.9227504,194.29811176,"low",0.7,0.326529939684229,0.222418622295329,"middle trophic"
"SYC",37163.77306,7768.406644,"low",0.7,0.162675850876702,0.155083655122502,"middle trophic"
"WC",4916.221372,459.60757162,"low",0.7,-0.00166409537364706,-0.042112418533962,"middle trophic"
"SC",3807.947638,882.5346222,"low",0.7,0.0235439499505414,0.0656260500887484,"high trophic"
"CM",2768.6415566,566.76258502,"low",0.7,0.0610343497154308,0.0619583920848868,"high trophic"
"LH",6937.200022,1292.3754706,"low",0.7,-0.194336316954289,-0.154697301832065,"high trophic"
"JSM",4168.106222,1555.4971816,"low",0.7,-0.0414264177129182,-0.0655856908394665,"high trophic"
"SAP",25474.46952,2913.148462,"low",0.6,0.0692742337902094,0.633010699466414,"low trophic"
"JFS",7704.9236134,701.31406656,"low",0.6,-0.117050099973763,0.419045703487558,"low trophic"
"JA",11639.05587974,1389.686430734,"low",0.6,0.157807689275011,0.77176434972626,"low trophic"
"SP",42801.95912,7311.418798,"low",0.6,-0.019019398505401,0.499811312718112,"low trophic"
"PCM",3449.68797,695.90481328,"low",0.6,-0.133345401857453,0.309586253872471,"low trophic"
"BS",912.8853932,130.5035441,"low",0.6,-0.120524513645795,-0.178942290595014,"middle trophic"
"SYC",33115.75088,6850.720158,"low",0.6,0.0360326915586032,0.0186329376096503,"middle trophic"
"WC",5339.009466,502.10888614,"low",0.6,0.0841913823094155,0.0464663688676305,"middle trophic"
"SC",3459.698894,742.6648884,"low",0.6,-0.0700623516283026,-0.103261184708575,"high trophic"
"CM",3545.808418,695.78376768,"low",0.6,0.358870208402235,0.303708873333872,"high trophic"
"LH",7981.741934,1439.6689846,"low",0.6,-0.0730266414009367,-0.0583571842429928,"high trophic"
"JSM",4133.6886534,1563.3276172,"low",0.6,-0.0493417083195678,-0.0608818114894095,"high trophic"
"SAP",23949.35712,2513.92143,"low",0.5,0.00525863606898367,0.409217774637367,"low trophic"
"JFS",7466.4515592,622.20186046,"low",0.5,-0.144377934353425,0.258969296193619,"low trophic"
"JA",11542.674528,1387.1493906,"low",0.5,0.148220049925196,0.76852978028395,"low trophic"
"SP",37621.77538,6235.639374,"low",0.5,-0.13774433226067,0.279133740460053,"low trophic"
"PCM",3675.1531372,716.08291728,"low",0.5,-0.0767024748524175,0.347558354543913,"low trophic"
"BS",911.44567222,126.525159442,"low",0.5,-0.121911543516721,-0.20397213493339,"middle trophic"
"SYC",34424.0461,7083.400416,"low",0.5,0.0769629613580557,0.0532301433433473,"middle trophic"
"WC",4574.367736,440.64946914,"low",0.5,-0.0710842319219383,-0.0816238018424311,"middle trophic"
"SC",3408.85578,773.2275556,"low",0.5,-0.0837285484037074,-0.0663579590341809,"high trophic"
"CM",2130.7621526,397.14170614,"low",0.5,-0.183421981948954,-0.255864838594805,"high trophic"
"LH",7310.930188,1364.1835866,"low",0.5,-0.150932519881989,-0.107729841070081,"high trophic"
"JSM",3964.392266,1492.2361006,"low",0.5,-0.0882761874078695,-0.103587726457789,"high trophic"
"SAP",21575.24956,2208.4437432,"low",0.4,-0.0943929794498993,0.237977504016154,"low trophic"
"JFS",8103.754848,646.71474628,"low",0.4,-0.0713458183498709,0.308568907782154,"low trophic"
"JA",10706.2259762262,1169.63210907468,"low",0.4,0.0650134243248795,0.491208683716585,"low trophic"
"SP",43837.86294,6755.03136,"low",0.4,0.00472254166105539,0.385678037519198,"low trophic"
"PCM",3948.832839,689.44145524,"low",0.4,-0.0079467572205845,0.297423204154298,"low trophic"
"BS",1425.0654204,214.92403726,"low",0.4,0.372910677538103,0.352185788866768,"middle trophic"
"SYC",33530.13938,6910.154372,"low",0.4,0.0489969161827599,0.0274702053136364,"middle trophic"
"WC",3744.476222,361.67796494,"low",0.4,-0.239610104269683,-0.246211654249302,"middle trophic"
"SC",2945.007594,663.87836661,"low",0.4,-0.208406997166514,-0.198392829296092,"high trophic"
"CM",3027.4350192,586.5004464,"low",0.4,0.160212501775534,0.0989417570569404,"high trophic"
"LH",7142.964156,1312.0412524,"low",0.4,-0.170439544551674,-0.141834524105864,"high trophic"
"JSM",4325.96019,1569.1146141,"low",0.4,-0.00512344568564011,-0.0574054614359395,"high trophic"
"SAP",24742.27054,2338.4974362,"low",0.3,0.0385406594283645,0.310881125285189,"low trophic"
"JFS",6916.6993672,505.01255765,"low",0.3,-0.207377084938308,0.0218473210663661,"low trophic"
"JA",12196.280894,1250.4565716,"low",0.3,0.213238251069085,0.594254880413288,"low trophic"
"SP",37097.76638,5165.597868,"low",0.3,-0.149754125143454,0.0596332029972386,"low trophic"
"PCM",3688.262818,598.14874234,"low",0.3,-0.0734089696878037,0.125624303484154,"low trophic"
"BS",1264.1932906,192.08636366,"low",0.3,0.217926168364677,0.208503499596628,"middle trophic"
"SYC",38683.3058,8076.155972,"low",0.3,0.210214727474678,0.20084287383208,"middle trophic"
"WC",5213.97113,502.2708248,"low",0.3,0.0587998771598517,0.0468038720789604,"middle trophic"
"SC",3433.1511568,753.27910366,"low",0.3,-0.0771981576789889,-0.0904449347872862,"high trophic"
"CM",3973.520922,778.09178008,"low",0.3,0.522783683393235,0.457931623413471,"high trophic"
"LH",6897.5544848,1183.5036522,"low",0.3,-0.198940619758819,-0.225906980398034,"high trophic"
"JSM",3028.826067,1089.701662,"low",0.3,-0.303436021413208,-0.345397190214481,"high trophic"
"SAP",23943.3142,2097.4792856,"low",0.2,0.00500498844551569,0.175774650682383,"low trophic"
"JFS",8081.7029082,549.84511664,"low",0.2,-0.0738728723505014,0.112561956982868,"low trophic"
"JA",0,0,"low",0.2,-1,-1,"low trophic"
"SP",38505.62418,5024.785886,"low",0.2,-0.11748734998041,0.0307480564333966,"low trophic"
"PCM",3978.192818,638.66431332,"low",0.2,-0.000570739150834705,0.201868401542798,"low trophic"
"BS",1443.8154602,213.4954884,"low",0.2,0.390974500768378,0.343198132149446,"middle trophic"
"SYC",37314.27978,7820.652694,"low",0.2,0.167384482813943,0.162852115395668,"middle trophic"
"WC",4445.435304,433.27021706,"low",0.2,-0.0972665102199621,-0.0970032132455653,"middle trophic"
"SC",3304.75957688,740.57844962,"low",0.2,-0.111708722777181,-0.105780477957763,"high trophic"
"CM",2532.883097,506.84736056,"low",0.2,-0.0293160328667006,-0.0503063852851672,"high trophic"
"LH",5391.756234,979.6004162,"low",0.2,-0.37381909534205,-0.359273760778006,"high trophic"
"JSM",4529.2876318,1675.6876302,"low",0.2,0.0416374341678422,0.00661480963379239,"high trophic"
"SAP",23363.08802,1933.4392594,"low",0.1,-0.0193496268118277,0.0838194615048837,"low trophic"
"JFS",7862.7423922,492.405645704,"low",0.1,-0.0989647714286002,-0.00366162718412027,"low trophic"
"JA",9882.0553134,863.15572806,"low",0.1,-0.0169718449748447,0.100470230849831,"low trophic"
"SP",43326.495,5285.807822,"low",0.1,-0.00699753002911753,0.084292199273015,"low trophic"
"PCM",3745.039356,555.79628524,"low",0.1,-0.0591451730336632,0.0459234671377797,"low trophic"
"BS",1347.4590816,192.80884158,"low",0.1,0.298144586341213,0.213048939877057,"middle trophic"
"SYC",33801.76616,6922.438146,"low",0.1,0.0574948126973985,0.0292966785173245,"middle trophic"
"WC",6183.651794,591.1446057,"low",0.1,0.255712698947471,0.232029478223737,"middle trophic"
"SC",2887.143642,618.637609,"low",0.1,-0.223960335505204,-0.253019275241962,"high trophic"
"CM",3169.4563366,616.61780956,"low",0.1,0.214639733713167,0.155373475382351,"high trophic"
"LH",6993.413848,1237.3826698,"low",0.1,-0.187807827369208,-0.19066638663253,"high trophic"
"JSM",3522.361286,1336.7297952,"low",0.1,-0.189933678223244,-0.197003078571114,"high trophic"
"SAP",26958.0248,2025.5269902,"low",0,0.131545498519078,0.135440671905791,"low trophic"
"JFS",7869.9576264,452.21132294,"low",0,-0.0981379377524719,-0.0849912108079311,"low trophic"
"JA",801.57784572436,72.7326797764064,"low",0,-0.920262175650548,-0.907270326429086,"low trophic"
"SP",45384.50134,5009.5397052,"low",0,0.040170037502845,0.0276205657135598,"low trophic"
"PCM",3679.387132,477.71201892,"low",0,-0.0756387812390118,-0.101019160452935,"low trophic"
"BS",1172.73529802,173.338988366,"low",0,0.129815368143282,0.0905551548033825,"middle trophic"
"SYC",34203.01876,7190.090998,"low",0,0.0700480781413644,0.0690939559720141,"middle trophic"
"WC",4602.089236,432.90209766,"low",0,-0.0654548335108492,-0.097770426458598,"middle trophic"
"SC",4237.753884,965.0419251,"low",0,0.139072214665681,0.165250392387784,"high trophic"
"CM",3397.5347118,679.43000654,"low",0,0.3020468557863,0.273066388554885,"high trophic"
"LH",6921.518336,1211.2564024,"low",0,-0.196157536590318,-0.207754767547113,"high trophic"
"JSM",4702.070258,1804.6099382,"low",0,0.0813736721934728,0.0840606904686828,"high trophic"
"SAP",24832.41272,1725.6850376,"low",-0.1,0.042324318608235,-0.0326404002166158,"low trophic"
"JFS",8160.593722,416.79617414,"low",-0.1,-0.0648323367588758,-0.156650567349175,"low trophic"
"JA",12249.138374,879.528322,"low",-0.1,0.218496306139189,0.121344276687722,"low trophic"
"SP",48274.33636,4775.697732,"low",-0.1,0.106402335145854,-0.0203480771016518,"low trophic"
"PCM",3318.150996,402.50546226,"low",-0.1,-0.166391035066666,-0.242546379295995,"low trophic"
"BS",1276.506742,173.1350804,"low",-0.1,0.22978897035426,0.0892722761762312,"middle trophic"
"SYC",38720.19016,8066.821492,"low",-0.1,0.211368661833759,0.199454930876571,"middle trophic"
"WC",4169.436152,394.34884066,"low",-0.1,-0.153313592366699,-0.178120900179474,"middle trophic"
"SC",2712.8750136,585.3347145,"low",-0.1,-0.270802261188479,-0.293231218240969,"high trophic"
"CM",3456.72842,696.09147276,"low",-0.1,0.32473182832726,0.304285428668734,"high trophic"
"LH",8029.682284,1444.828324,"low",-0.1,-0.0674590062131068,-0.0549826204147584,"high trophic"
"JSM",4096.5125046,1531.9664876,"low",-0.1,-0.05789141224572,-0.0797209894682056,"high trophic"
"SAP",26467.79416,1627.609262,"low",-0.2,0.110968387323301,-0.087618302305173,"low trophic"
"JFS",9549.0270326,430.88517334,"low",-0.2,0.0942759314470951,-0.128142749333679,"low trophic"
"JA",9725.963148036,618.32513906174,"low",-0.2,-0.0324992821794905,-0.211673645434897,"low trophic"
"SP",0,0,"low",-0.2,-1,-1,"low trophic"
"PCM",4407.910988,476.3302457,"low",-0.2,0.107386047426561,-0.103619445980998,"low trophic"
"BS",1475.5205946,213.138010612,"low",-0.2,0.42151928624098,0.340949075269017,"middle trophic"
"SYC",32370.26334,6797.385154,"low",-0.2,0.012709969226613,0.0107025608683817,"middle trophic"
"WC",4293.409834,410.54429366,"low",-0.2,-0.128138286251673,-0.144367271512662,"middle trophic"
"SC",3375.945734,757.332631,"low",-0.2,-0.0925744889675293,-0.0855504590130859,"high trophic"
"CM",3451.041774,681.4343334,"low",-0.2,0.322552518865445,0.276821950029331,"high trophic"
"LH",6816.683686,1246.177229,"low",-0.2,-0.208332689384234,-0.184914138319192,"high trophic"
"JSM",4487.5291006,1704.5448604,"low",-0.2,0.0320338821680988,0.0239498515358828,"high trophic"
"SAP",23289.58638,1223.685379,"low",-0.3,-0.0224348101846009,-0.314044120046082,"low trophic"
"JFS",8069.394866,325.0418142,"low",-0.3,-0.075283319121331,-0.342307231684694,"low trophic"
"JA",9396.8647,537.8085222,"low",-0.3,-0.0652367067267696,-0.314327357928047,"low trophic"
"SP",48233.84242,3751.810328,"low",-0.3,0.105474252169402,-0.230380897528905,"low trophic"
"PCM",4357.194678,406.88728134,"low",-0.3,0.0946447433884681,-0.234300467032395,"low trophic"
"BS",1543.1787304,236.38260596,"low",-0.3,0.486701260157707,0.487191496071401,"middle trophic"
"SYC",36086.37958,7507.517064,"low",-0.3,0.12896938681382,0.116292007947013,"middle trophic"
"WC",5260.845156,491.74457352,"low",-0.3,0.0683185744700894,0.0248656665246805,"middle trophic"
"SC",3810.6688632,838.08810832,"low",-0.3,0.024275392148464,0.0119586223927214,"high trophic"
"CM",3033.782648,601.11507966,"low",-0.3,0.162645121548934,0.126325590866563,"high trophic"
"LH",5152.037412,1008.17168332,"low",-0.3,-0.401659253967348,-0.340586181404962,"high trophic"
"JSM",4079.5542052,1575.1018632,"low",-0.3,-0.0617914514816574,-0.0538088163904024,"high trophic"
"SAP",24735.55742,1154.178497,"low",-0.4,0.0382588805972604,-0.353007284290249,"low trophic"
"JFS",0,0,"low",-0.4,-1,-1,"low trophic"
"JA",11749.176618,575.16349052,"low",-0.4,0.168762068979296,-0.266702080965694,"low trophic"
"SP",48590.21806,3206.5380058,"low",-0.4,0.113642046281468,-0.342234098657439,"low trophic"
"PCM",4311.075894,376.85535662,"low",-0.4,0.0830584617995442,-0.29081594880536,"low trophic"
"BS",732.47495468,106.25635518,"low",-0.4,-0.294332265793705,-0.331492487844141,"middle trophic"
"SYC",34190.81538,7089.88819,"low",-0.4,0.0696662930303058,0.0541948098507727,"middle trophic"
"WC",4150.771682,392.2742378,"low",-0.4,-0.157103781850018,-0.182444667755938,"middle trophic"
"SC",3520.60297,774.58922768,"low",-0.4,-0.0536918538055256,-0.0647137932375922,"high trophic"
"CM",3405.982172,658.88743148,"low",-0.4,0.305284199897778,0.234575209785153,"high trophic"
"LH",7456.922388,1364.20133652,"low",-0.4,-0.133977464070576,-0.107718231398117,"high trophic"
"JSM",3918.359004,1487.06285,"low",-0.4,-0.0988628343188319,-0.106695388395525,"high trophic"
"SAP",26529.73652,1025.548006,"low",-0.5,0.113568377461512,-0.425113107532916,"low trophic"
"JFS",9070.9338566,261.76943926,"low",-0.5,0.039488584662985,-0.470333170546109,"low trophic"
"JA",10848.27968406,422.195549226,"low",-0.5,0.0791443707624103,-0.461726756347018,"low trophic"
"SP",48980.08856,2744.3432358,"low",-0.5,0.122577511046591,-0.437045374536584,"low trophic"
"PCM",4162.510462,288.62686446,"low",-0.5,0.0457348209695495,-0.45684845544667,"low trophic"
"BS",1564.3889114,240.88915468,"low",-0.5,0.507135187997485,0.515544263001086,"middle trophic"
"SYC",36222.99062,7473.980914,"low",-0.5,0.133243289706153,0.111305520949624,"middle trophic"
"WC",5606.358182,528.3525082,"low",-0.5,0.138481822475248,0.101161811711088,"middle trophic"
"SC",2882.06274922,642.36923826,"low",-0.5,-0.225326036286753,-0.224364260793392,"high trophic"
"CM",3026.4499306,590.71717168,"low",-0.5,0.15983498347974,0.106842749318196,"high trophic"
"LH",7839.454076,1411.591063,"low",-0.5,-0.0895514870685574,-0.0767220816179087,"high trophic"
"JSM",3351.2183072,1169.4128998,"low",-0.5,-0.229292833084916,-0.297513258258652,"high trophic"
"SAP",28287.63534,895.187328,"low",-0.6,0.187355033248808,-0.49818881402044,"low trophic"
"JFS",10085.537376,225.36960372,"low",-0.6,0.155757625210317,-0.543984951814454,"low trophic"
"JA",8612.39013746,279.2416929364,"low",-0.6,-0.143273163457807,-0.643984091979221,"low trophic"
"SP",0,0,"low",-0.6,-1,-1,"low trophic"
"PCM",5627.88028,319.27672022,"low",-0.6,0.41387521563516,-0.399170122116448,"low trophic"
"BS",1599.1473726,243.9090892,"low",-0.6,0.540621554190329,0.534544057502026,"middle trophic"
"SYC",35051.46096,7176.100732,"low",-0.6,0.0965917569872146,0.0670137446329363,"middle trophic"
"WC",2971.6984149,284.379042976,"low",-0.6,-0.396537909742464,-0.407313607267706,"middle trophic"
"SC",3701.8619904,803.58476226,"low",-0.6,-0.0049709701849137,-0.0297028189285356,"high trophic"
"CM",3351.8535068,654.56440534,"low",-0.6,0.284540318139399,0.226475038726025,"high trophic"
"LH",6802.79833,1229.3803186,"low",-0.6,-0.209945289139162,-0.195900476272057,"high trophic"
"JSM",4068.390688,1487.18936,"low",-0.6,-0.0643588171156822,-0.106619391630214,"high trophic"
"SAP",27234.93446,629.7553308,"low",-0.7,0.143168600789889,-0.646980850218539,"low trophic"
"JFS",8622.548538,148.985172026,"low",-0.7,-0.0118943740911514,-0.698541953844066,"low trophic"
"JA",9257.5101233,219.03172949,"low",-0.7,-0.0790991541714783,-0.720748075834419,"low trophic"
"SP",49916.16994,1738.1130534,"low",-0.7,0.144031614879217,-0.64345612085777,"low trophic"
"PCM",4911.666286,202.39592018,"low",-0.7,0.233942956093976,-0.619121882979487,"low trophic"
"BS",1502.980357,232.85325158,"low",-0.7,0.447974072429699,0.464986707359297,"middle trophic"
"SYC",36034.52028,7479.61664,"low",-0.7,0.127346958551328,0.112143496519862,"middle trophic"
"WC",4370.908798,416.05119098,"low",-0.7,-0.112400590066306,-0.132890113865664,"middle trophic"
"SC",3884.717316,879.9836087,"low",-0.7,0.0441789867016826,0.0625458010295653,"high trophic"
"CM",3076.1722566,603.02516368,"low",-0.7,0.178890211379496,0.1299045669815,"high trophic"
"LH",7362.962934,1359.506288,"low",-0.7,-0.144889607230141,-0.1107891169668,"high trophic"
"JSM",4326.15631,1657.7967576,"low",-0.7,-0.00507834236030584,-0.00413254983336673,"high trophic"
"SAP",26022.15682,416.4762612,"low",-0.8,0.0922630507940082,-0.766537751341913,"low trophic"
"JFS",6834.2076704,79.7630036,"low",-0.8,-0.216830265670156,-0.838606762714692,"low trophic"
"JA",11970.054576,190.265033106,"low",-0.8,0.190734143072429,-0.757423836628637,"low trophic"
"SP",51616.15786,1185.8035396,"low",-0.8,0.182993737328325,-0.756752880324712,"low trophic"
"PCM",4278.163038,123.5276262,"low",-0.8,0.0747898652660428,-0.767539930522182,"low trophic"
"BS",942.48626472,136.202262928,"low",-0.8,-0.0920069789470482,-0.143089034197046,"middle trophic"
"SYC",34219.95298,7062.758552,"low",-0.8,0.0705778684997236,0.0501609065216527,"middle trophic"
"WC",4565.614126,421.53713648,"low",-0.8,-0.0728618254224812,-0.121456622792992,"middle trophic"
"SC",3966.392278,920.1660584,"low",-0.8,0.0661325220873339,0.111064537948871,"high trophic"
"CM",3724.227508,691.43722556,"low",-0.8,0.427246261880045,0.295564639746679,"high trophic"
"LH",8435.328888,1526.4793888,"low",-0.8,-0.0203485385954521,-0.00157719222933984,"high trophic"
"JSM",4298.23475,1580.9326382,"low",-0.8,-0.0114996925770961,-0.0503061680680884,"high trophic"
"SAP",26556.68156,215.11671236,"low",-0.9,0.114699377931525,-0.87941297963347,"low trophic"
"JFS",10112.7562266,59.494645522,"low",-0.9,0.158876784156202,-0.879617955586399,"low trophic"
"JA",6166.77794158,49.8050056601,"low",-0.9,-0.386553085354519,-0.936501694544235,"low trophic"
"SP",49167.58908,565.155784,"low",-0.9,0.126874846417957,-0.884068050031119,"low trophic"
"PCM",3972.018192,55.14993209,"low",-0.9,-0.00212197162787248,-0.896216276150392,"low trophic"
"BS",1249.8784624,185.39290714,"low",-0.9,0.204135236242145,0.166391891699589,"middle trophic"
"SYC",30921.55184,6355.675448,"low",-0.9,-0.0326132511368838,-0.0549752138788545,"middle trophic"
"WC",6053.36048,586.3865736,"low",-0.9,0.229254472804935,0.222113062258826,"middle trophic"
"SC",3665.9069172,852.00636936,"low",-0.9,-0.014635388171296,0.0287643784084872,"high trophic"
"CM",2583.102654,530.32628766,"low",-0.9,-0.0100702497217248,-0.00631328424072472,"high trophic"
"LH",8094.702852,1481.5477326,"low",-0.9,-0.0599077304646095,-0.0309655945033175,"high trophic"
"JSM",3279.886589,1309.9046198,"low",-0.9,-0.245697573512298,-0.21311742968406,"high trophic"
"SAP",22360.65944,1650.1210582,"middle",0.9,-0.0614259122853047,-0.0749989646578329,"low trophic"
"JFS",8223.7627124,470.43324346,"middle",0.9,-0.0575934520460623,-0.0481207995954027,"low trophic"
"JA",12945.998518,1014.2553602,"middle",0.9,0.287817223695478,0.293112927476727,"low trophic"
"SP",41736.03536,4612.90736,"middle",0.9,-0.0434493674304352,-0.0537417108508191,"low trophic"
"PCM",4248.81263,550.4560307,"middle",0.9,0.0674162516894621,0.0358739261598958,"low trophic"
"BS",1204.5247868,313.1883113,"middle",0.9,0.160441420782528,0.970411449449623,"middle trophic"
"SYC",27647.448,10895.222108,"middle",0.9,-0.135044225028712,0.620009553130202,"middle trophic"
"WC",4241.08616,752.68700852,"middle",0.9,-0.138763642285003,0.568706833202997,"middle trophic"
"SC",4305.87713,972.1847792,"middle",0.9,0.157383164007126,0.173875109435109,"high trophic"
"CM",3587.157018,687.45248514,"middle",0.9,0.374716349556932,0.28809832379509,"high trophic"
"LH",5001.885506,909.105948,"middle",0.9,-0.419097404405659,-0.405382005271156,"high trophic"
"JSM",4438.942438,1680.571312,"middle",0.9,0.0208600087735029,0.00954852253876398,"high trophic"
"SAP",26357.33034,1988.6503862,"middle",0.8,0.106331740566072,0.114768917727275,"low trophic"
"JFS",7936.9787716,424.02451374,"middle",0.8,-0.0904576132712443,-0.142024674697339,"low trophic"
"JA",9477.40137,773.07857104,"middle",0.8,-0.057225234253567,-0.0143725797318597,"low trophic"
"SP",45853.73306,5154.756608,"middle",0.8,0.050924386705306,0.057409305715282,"low trophic"
"PCM",3484.08796,468.0748168,"middle",0.8,-0.124703197180153,-0.11915489853277,"low trophic"
"BS",797.957415,200.96979466,"middle",0.8,-0.231246341682544,0.264393242352796,"middle trophic"
"SYC",24714.1513,9254.357252,"middle",0.8,-0.226812981420594,0.37602951162524,"middle trophic"
"WC",3690.450676,600.2540145,"middle",0.8,-0.25058105904524,0.251014782432851,"middle trophic"
"SC",3686.377294,823.9822022,"middle",0.8,-0.00913312492645462,-0.00507370772041039,"high trophic"
"CM",2707.0451594,543.45859908,"middle",0.8,0.0374285878600843,0.0182930830258249,"high trophic"
"LH",6301.018012,1127.9898272,"middle",0.8,-0.268220411349517,-0.262216850962458,"high trophic"
"JSM",5670.4021172,2038.953999,"middle",0.8,0.304068893878745,0.224835258412976,"high trophic"
"SAP",24454.7549,1830.9997092,"middle",0.7,0.0264723780683803,0.0263953776632113,"low trophic"
"JFS",10111.5749824,542.7791707,"middle",0.7,0.158741418836488,0.0982646532421705,"low trophic"
"JA",10487.0039412,813.53255406,"middle",0.7,0.0432060749630097,0.0372037495278356,"low trophic"
"SP",44247.68984,4836.964007,"middle",0.7,0.0141153883236001,-0.00778035873237525,"low trophic"
"PCM",3266.961554,434.04595588,"middle",0.7,-0.179251202615574,-0.183192001948866,"low trophic"
"BS",1056.942762,230.26266918,"middle",0.7,0.0182606234941194,0.448688164158516,"middle trophic"
"SYC",27587.98008,9772.412392,"middle",0.7,-0.136904690444165,0.453059081791779,"middle trophic"
"WC",5198.330998,763.72144424,"middle",0.7,0.0556238392748158,0.591704167444941,"middle trophic"
"SC",3763.190138,826.0873508,"middle",0.7,0.0115135144784895,-0.00253182309510728,"high trophic"
"CM",3609.291097,696.396079152,"middle",0.7,0.383198855377279,0.30485617790804,"high trophic"
"LH",6046.673268,1114.30197372,"middle",0.7,-0.297759176638755,-0.271169651245336,"high trophic"
"JSM",5133.178129,1920.67953764,"middle",0.7,0.180519086020843,0.153785724919538,"high trophic"
"SAP",24122.2141,1795.2417132,"middle",0.6,0.0125141950002375,0.00635067660482862,"low trophic"
"JFS",8528.1311048,472.30634302,"middle",0.6,-0.0227141910533452,-0.0443307517273195,"low trophic"
"JA",11573.5231312,906.77051604,"middle",0.6,0.151288748138985,0.156076391171205,"low trophic"
"SP",41520.4376,4672.055788,"middle",0.6,-0.0483906650867582,-0.0416084322225783,"low trophic"
"PCM",4432.12469,565.43656496,"middle",0.6,0.113469182005354,0.0640649967893615,"low trophic"
"BS",802.52930358,171.02646277,"middle",0.6,-0.226841775717962,0.0760059946109417,"middle trophic"
"SYC",30119.69964,10084.642122,"middle",0.6,-0.0576993527931174,0.499484491054419,"middle trophic"
"WC",3920.565028,575.9798249,"middle",0.6,-0.203851792320221,0.200423917086497,"middle trophic"
"SC",4020.890214,884.2820544,"middle",0.6,0.0807811039430679,0.0677360061474036,"high trophic"
"CM",3478.9676628,680.3460071,"middle",0.6,0.333254636368702,0.274782723591031,"high trophic"
"LH",6238.983936,1165.28945672,"middle",0.6,-0.275424845701417,-0.237820320549139,"high trophic"
"JSM",4517.800316,1682.5898032,"middle",0.6,0.0389956019133885,0.0107610654366267,"high trophic"
"SAP",27864.30634,2058.2280204,"middle",0.5,0.169586074732879,0.153771743218069,"low trophic"
"JFS",8860.170498,501.4119831,"middle",0.5,0.0153360432826368,0.0145618835015302,"low trophic"
"JA",10799.183728,829.0258644,"middle",0.5,0.074260497360142,0.0569567630944705,"low trophic"
"SP",0,0,"middle",0.5,-1,-1,"low trophic"
"PCM",4693.261614,598.92695408,"middle",0.5,0.179073815786015,0.127088778765626,"low trophic"
"BS",1588.7567708,335.77045052,"middle",0.5,0.530611229083105,1.11248605462073,"middle trophic"
"SYC",31538.79418,9860.249148,"middle",0.5,-0.0133027047696461,0.466119520801231,"middle trophic"
"WC",3904.201504,545.1402959,"middle",0.5,-0.207174729246629,0.136149950181996,"middle trophic"
"SC",3706.3713223,788.880199704,"middle",0.5,-0.00375890010850165,-0.0474580032812716,"high trophic"
"CM",3395.6959874,692.01049202,"middle",0.5,0.301342196223776,0.296638784625308,"high trophic"
"LH",5449.54578,1041.2002572,"middle",0.5,-0.36710760679851,-0.318983215972292,"high trophic"
"JSM",4132.678896,1519.9351688,"middle",0.5,-0.0495739305127185,-0.0869484126855387,"high trophic"
"SAP",25380.9905,1876.0156664,"middle",0.4,0.0653505129289179,0.0516297729277264,"low trophic"
"JFS",9873.778098,544.922263,"middle",0.4,0.131490955906217,0.102601007046407,"low trophic"
"JA",11809.241116,955.78093648,"middle",0.4,0.174737049970486,0.218561649557749,"low trophic"
"SP",42239.5016,4552.231112,"middle",0.4,-0.0319103952641671,-0.066188395369641,"low trophic"
"PCM",4360.455718,580.4354268,"middle",0.4,0.095464004531883,0.0922905571168098,"low trophic"
"BS",1240.6234834,227.49286734,"middle",0.4,0.195218972253419,0.431262069182019,"middle trophic"
"SYC",30489.0406,8900.32173,"middle",0.4,-0.0461444491982019,0.323388003072027,"middle trophic"
"WC",3588.8241522,455.8488345,"middle",0.4,-0.271218333060147,-0.0499461615607637,"middle trophic"
"SC",3369.247875,761.09525868,"middle",0.4,-0.0943748165215795,-0.0810072332044509,"high trophic"
"CM",3068.2015176,613.87792032,"middle",0.4,0.175835562484461,0.150239670772263,"high trophic"
"LH",6395.570428,1179.2537458,"middle",0.4,-0.257239403525921,-0.228686712316974,"high trophic"
"JSM",4305.650783,1640.064451,"middle",0.4,-0.00979416662824954,-0.0147846559364575,"high trophic"
"SAP",24987.98634,1903.2694792,"middle",0.3,0.0488544197823876,0.0669073217667922,"low trophic"
"JFS",9271.8700374,532.54029348,"middle",0.3,0.0625149752738483,0.0775472094885528,"low trophic"
"JA",9168.2766786,719.59160918,"middle",0.3,-0.0879757477269743,-0.0825651518854663,"low trophic"
"SP",45717.54212,4982.39708,"middle",0.3,0.0478030185953849,0.0220527248530467,"low trophic"
"PCM",3632.123142,489.4801804,"middle",0.3,-0.087512769442085,-0.0788732832963727,"low trophic"
"BS",639.2410754,110.99721602,"middle",0.3,-0.384153958566154,-0.301665555796108,"middle trophic"
"SYC",30809.58274,8269.081044,"middle",0.3,-0.036116226155169,0.229528884688971,"middle trophic"
"WC",4975.336602,572.60984852,"middle",0.3,0.0103404203211448,0.193400406762553,"middle trophic"
"SC",3888.927403,849.68765264,"middle",0.3,0.0453106222931528,0.0259646186285832,"high trophic"
"CM",3475.9782992,713.08088338,"middle",0.3,0.332109014084796,0.336118947079002,"high trophic"
"LH",6844.701358,1275.00534,"middle",0.3,-0.205078808749064,-0.16605856533306,"high trophic"
"JSM",4183.984152,1631.2466124,"middle",0.3,-0.0377748398910603,-0.0200816855043496,"high trophic"
"SAP",23634.51154,1825.5152622,"middle",0.2,-0.00795680168733257,0.0233209855584204,"low trophic"
"JFS",9221.2949289,534.652974526,"middle",0.2,0.056719293287303,0.0818220288656563,"low trophic"
"JA",9288.100294,729.4383976,"middle",0.2,-0.0760561638105208,-0.0700111049465185,"low trophic"
"SP",45657.98696,5122.14426,"middle",0.2,0.0464380704042259,0.0507194456736059,"low trophic"
"PCM",4266.036814,582.916756,"middle",0.2,0.0717434309568823,0.0969600385597337,"low trophic"
"BS",1248.5528712,203.30283414,"middle",0.2,0.202858159213626,0.279071464807294,"middle trophic"
"SYC",33509.26076,8340.03877,"middle",0.2,0.0483437245050891,0.240079582311188,"middle trophic"
"WC",4212.08263,463.529459,"middle",0.2,-0.144653382223245,-0.0339386471490198,"middle trophic"
"SC",3881.102807,857.21515444,"middle",0.2,0.0432074374130126,0.0350537827343196,"high trophic"
"CM",2878.5047098,551.27129138,"middle",0.2,0.103137517254532,0.032931935998925,"high trophic"
"LH",7700.90881,1383.347375,"middle",0.2,-0.1056416803627,-0.0951954016520079,"high trophic"
"JSM",4414.118474,1654.7268736,"middle",0.2,0.0151510381209681,-0.00597668273890653,"high trophic"
"SAP",24707.75258,1799.7396952,"middle",0.1,0.0370917905833421,0.00887209040430395,"low trophic"
"JFS",8148.719146,474.12128242,"middle",0.1,-0.0661931102354382,-0.0406583856926651,"low trophic"
"JA",7748.58347149,608.7125671915,"middle",0.1,-0.229201267097896,-0.223929080741895,"low trophic"
"SP",47132.0304,5226.686358,"middle",0.1,0.0802217581168916,0.0721644518437593,"low trophic"
"PCM",4522.736638,568.19652572,"middle",0.1,0.136233345623565,0.0692588201450121,"low trophic"
"BS",1234.9941488,200.11134002,"middle",0.1,0.18979566082565,0.25899231010067,"middle trophic"
"SYC",31400.3752,7149.024636,"middle",0.1,-0.0176331694156647,0.0629878024587734,"middle trophic"
"WC",3429.763866,354.61524764,"middle",0.1,-0.303518667544272,-0.260931362127981,"middle trophic"
"SC",3137.273802,702.70436636,"middle",0.1,-0.156727475102053,-0.15151195265558,"high trophic"
"CM",3522.8004924,664.38067664,"middle",0.1,0.350052815872999,0.244868051888052,"high trophic"
"LH",7425.647876,1407.4881064,"middle",0.1,-0.137609583433355,-0.0794056982319225,"high trophic"
"JSM",5079.155204,1903.7905312,"middle",0.1,0.168094990763974,0.143640203942889,"high trophic"
"SAP",25512.80142,1910.1382638,"middle",0,0.0708831902778035,0.0707577258537948,"low trophic"
"JFS",7417.660712232,422.3974577846,"middle",0,-0.149969147922067,-0.145316875542774,"low trophic"
"JA",9625.835762,768.91947452,"middle",0,-0.0424595623480291,-0.0196751708619426,"low trophic"
"SP",43673.40554,4931.705414,"middle",0,0.000953332903112038,0.0116542049176103,"low trophic"
"PCM",3574.4408228,459.0632996,"middle",0,-0.102004122747354,-0.136113193440995,"low trophic"
"BS",1029.5338888,143.15027706,"middle",0,-0.00814513594463367,-0.0993758874968914,"middle trophic"
"SYC",35245.61788,7294.814186,"middle",0,0.102665993900677,0.0846652369713872,"middle trophic"
"WC",5270.809298,496.7833694,"middle",0,0.0703419904159317,0.03536723415983,"middle trophic"
"SC",3341.9105288,761.21525904,"middle",0,-0.101722862758216,-0.0808623374616445,"high trophic"
"CM",2625.1563066,529.8899502,"middle",0,0.00604609073889996,-0.00713086154677017,"high trophic"
"LH",6825.576314,1341.6294404,"middle",0,-0.207299928702156,-0.122481808336129,"high trophic"
"JSM",4036.539912,1515.7526338,"middle",0,-0.0716838013705924,-0.0894609344687956,"high trophic"
"SAP",24124.4306,1814.6710094,"middle",-0.1,0.012607231141278,0.0172420709129372,"low trophic"
"JFS",8460.911513,475.53029888,"middle",-0.1,-0.0304172566303216,-0.0378073680829461,"low trophic"
"JA",10209.812584,815.08711268,"middle",-0.1,0.0156321644944308,0.0391857157337089,"low trophic"
"SP",42454.20424,4741.900304,"middle",-0.1,-0.0269896129154157,-0.0272810358413484,"low trophic"
"PCM",4506.597358,605.07224008,"middle",-0.1,0.132178723482563,0.138653265629546,"low trophic"
"BS",1121.8580277,154.39008114,"middle",-0.1,0.0808001112530305,-0.0286611198962955,"middle trophic"
"SYC",31748.3106,5971.214682,"middle",-0.1,-0.00674794291855918,-0.112140649108159,"middle trophic"
"WC",3346.466302,279.80922034,"middle",-0.1,-0.320433884052369,-0.416837767927414,"middle trophic"
"SC",4014.897358,908.2547934,"middle",-0.1,0.0791702752014872,0.096682151179875,"high trophic"
"CM",3063.3312714,612.6620275,"middle",-0.1,0.173969124231574,0.147961419493504,"high trophic"
"LH",7090.324378,1289.61197,"middle",-0.1,-0.176552955911256,-0.156504821834347,"high trophic"
"JSM",4286.978993,1649.60032612,"middle",-0.1,-0.0140882713546459,-0.00905628929722604,"high trophic"
"SAP",22288.69802,1656.8904432,"middle",-0.2,-0.0644464459287057,-0.0712042805632853,"low trophic"
"JFS",9906.295358,585.10428312,"middle",-0.2,0.135217288950738,0.183905697380689,"low trophic"
"JA",10380.227584,807.5092354,"middle",-0.2,0.0325843811867876,0.0295243903336953,"low trophic"
"SP",45997.72042,4940.284394,"middle",-0.2,0.0542244414206617,0.0134140345226525,"low trophic"
"PCM",3776.25114,500.42931956,"middle",-0.2,-0.0513039316358703,-0.0582686806811247,"low trophic"
"BS",1303.2225558,152.18963228,"middle",-0.2,0.255527035077523,-0.0425051538887364,"middle trophic"
"SYC",37730.00862,6195.084116,"middle",-0.2,0.180390640235058,-0.0788535239684559,"middle trophic"
"WC",4930.986562,379.19125972,"middle",-0.2,0.001334268247565,-0.209711455783934,"middle trophic"
"SC",3120.7614634,690.7464046,"middle",-0.2,-0.161165851329947,-0.16595072393648,"high trophic"
"CM",3612.9719238,726.49611464,"middle",-0.2,0.38460946906284,0.361255428905539,"high trophic"
"LH",9634.165488,1747.7716178,"middle",-0.2,0.118880416525196,0.143163188962244,"high trophic"
"JSM",4665.433018,1867.8938704,"middle",-0.2,0.0729479055451698,0.122076453201727,"high trophic"
"SAP",24055.43502,1711.1987892,"middle",-0.3,0.00971118669640787,-0.0407608921657584,"low trophic"
"JFS",7933.944118,455.93576924,"middle",-0.3,-0.0908053710462953,-0.0774551299393278,"low trophic"
"JA",12358.05951,1009.3612132,"middle",-0.3,0.229331354109436,0.286873192393224,"low trophic"
"SP",49100.5491,5310.963522,"middle",-0.3,0.125338353199967,0.0894524567390028,"low trophic"
"PCM",4149.188856,533.0862956,"middle",-0.3,0.0423880744826365,0.00318674554800683,"low trophic"
"BS",1421.5645568,153.23155238,"middle",-0.3,0.369537939032038,-0.0359499561997488,"middle trophic"
"SYC",38703.57244,5597.057218,"middle",-0.3,0.210848773239309,-0.167774087329661,"middle trophic"
"WC",5710.410992,385.20553992,"middle",-0.3,0.159611801851666,-0.197176840014374,"middle trophic"
"SC",3815.59901,812.4872772,"middle",-0.3,0.0256005736922308,-0.0189533802178826,"high trophic"
"CM",2799.3488354,553.4299238,"middle",-0.3,0.0728023871904948,0.0369766239766337,"high trophic"
"LH",6885.259166,1257.8474418,"middle",-0.3,-0.200368557802585,-0.177281014205923,"high trophic"
"JSM",4178.559534,1646.5681308,"middle",-0.3,-0.0390223837951367,-0.0108777819548104,"high trophic"
"SAP",24929.64362,1851.6890706,"middle",-0.4,0.0464055221840977,0.0379931211260116,"low trophic"
"JFS",8671.0591744,482.546224176,"middle",-0.4,-0.00633527140451383,-0.0236112765998348,"low trophic"
"JA",0,0,"middle",-0.4,-1,-1,"low trophic"
"SP",41807.68464,4661.199616,"middle",-0.4,-0.0418072333964767,-0.0438353884438341,"low trophic"
"PCM",4348.014204,584.37345998,"middle",-0.4,0.0923383608766527,0.0997013322995742,"low trophic"
"BS",1228.1353382,113.67602226,"middle",-0.4,0.183187869931876,-0.284811955914798,"middle trophic"
"SYC",36953.50186,4531.4758048,"middle",-0.4,0.156097475586869,-0.326215287693484,"middle trophic"
"WC",5745.529772,324.36310252,"middle",-0.4,0.166743364152818,-0.323981137441768,"middle trophic"
"SC",3251.5379868,719.8210542,"middle",-0.4,-0.126014233701103,-0.130844221334091,"high trophic"
"CM",3054.8646054,592.93328388,"middle",-0.4,0.170724419826934,0.110995138715088,"high trophic"
"LH",10432.54541,1908.230032,"middle",-0.4,0.211601645030703,0.248114059318858,"high trophic"
"JSM",2903.9986352,1019.83666428,"middle",-0.4,-0.332143609966651,-0.387366313881993,"high trophic"
"SAP",24484.60786,1869.9591286,"middle",-0.5,0.0277254365827218,0.048234686423164,"low trophic"
"JFS",6964.5262706,389.32470768,"middle",-0.5,-0.201896335005608,-0.212236599780809,"low trophic"
"JA",7790.2712199,605.4753442408,"middle",-0.5,-0.225054333175044,-0.228056340020908,"low trophic"
"SP",42391.57516,4631.962494,"middle",-0.5,-0.0284250124586283,-0.0498328791550643,"low trophic"
"PCM",4462.948802,584.9743577,"middle",-0.5,0.121213029747752,0.100832129757902,"low trophic"
"BS",1503.0107018,121.94812305,"middle",-0.5,0.44800330666648,-0.232768372168136,"middle trophic"
"SYC",50139.43814,5165.365318,"middle",-0.5,0.568622050505662,-0.231962315442553,"middle trophic"
"WC",4115.722454,209.53027486,"middle",-0.5,-0.164221220243074,-0.563309091009706,"middle trophic"
"SC",4029.5576678,902.7810837,"middle",-0.5,0.0831108418338771,0.0900728607336791,"high trophic"
"CM",3564.9452706,728.21924986,"middle",-0.5,0.36620407865555,0.364484113995101,"high trophic"
"LH",7417.68487,1397.4827098,"middle",-0.5,-0.138534380861961,-0.0859499177212429,"high trophic"
"JSM",3969.1454328,1450.3564116,"middle",-0.5,-0.0871830626447252,-0.128745586676179,"high trophic"
"SAP",24038.21214,1787.2271036,"middle",-0.6,0.00898826754783822,0.00185796248484143,"low trophic"
"JFS",6619.97051452,374.82397225,"middle",-0.6,-0.241380888733722,-0.241577528888768,"low trophic"
"JA",9763.06103706,791.799822016,"middle",-0.6,-0.0288089294900919,0.00949585873597167,"low trophic"
"SP",45380.3316,5091.490256,"middle",-0.6,0.0400744709881952,0.0444313060868157,"low trophic"
"PCM",4633.972034,605.8388984,"middle",-0.6,0.164178675246988,0.140095999144431,"low trophic"
"BS",1624.143318,103.8542807,"middle",-0.6,0.564702694496987,-0.346605041177234,"middle trophic"
"SYC",44448.0214,3653.905175,"middle",-0.6,0.390564973518619,-0.456701182311328,"middle trophic"
"WC",4581.155378,179.540331984,"middle",-0.6,-0.0697058670755251,-0.625812399535588,"middle trophic"
"SC",3974.8870148,913.02727228,"middle",-0.6,0.0684158351169818,0.102444732828342,"high trophic"
"CM",3065.5686824,604.23069002,"middle",-0.6,0.174826573589643,0.132163394306167,"high trophic"
"LH",6340.8067,1179.085786,"middle",-0.6,-0.263599483480063,-0.228796569611045,"high trophic"
"JSM",5139.715401,1888.4654316,"middle",-0.6,0.182022516093318,0.134434149103998,"high trophic"
"SAP",22819.35912,1706.4240246,"middle",-0.7,-0.0421722925588274,-0.0434374607584488,"low trophic"
"JFS",6927.1734054,396.53933864,"middle",-0.7,-0.206176806850479,-0.197638445324484,"low trophic"
"JA",11169.337316,891.86411312,"middle",-0.7,0.111081926419963,0.137071648308197,"low trophic"
"SP",40910.80786,4540.491622,"middle",-0.7,-0.0623628047114314,-0.0685965490254481,"low trophic"
"PCM",3567.099178,473.19721868,"middle",-0.7,-0.103848541801825,-0.109515322888451,"low trophic"
"BS",2029.5703392,104.08490086,"middle",-0.7,0.955291841072245,-0.345154103874205,"middle trophic"
"SYC",41547.17362,2590.4709092,"middle",-0.7,0.299811387884834,-0.614823123529674,"middle trophic"
"WC",4400.9440608,128.81648124,"middle",-0.7,-0.106301336393779,-0.731528122495841,"middle trophic"
"SC",3934.0650988,907.4563024,"middle",-0.7,0.0574432511638225,0.0957180045175715,"high trophic"
"CM",2955.161416,554.83308269,"middle",-0.7,0.132514884006958,0.0396057607581512,"high trophic"
"LH",6631.455254,1205.3137921,"middle",-0.7,-0.229844512635206,-0.211641644569329,"high trophic"
"JSM",4570.22114,1673.6862028,"middle",-0.7,0.0510512488599313,0.0054125172584489,"high trophic"
"SAP",26464.4084,2007.7706336,"middle",-0.8,0.110826272256804,0.125487069921691,"low trophic"
"JFS",9194.6640318,518.26366372,"middle",-0.8,0.0536675111916101,0.048659737972997,"low trophic"
"JA",10334.97822,824.89815552,"middle",-0.8,0.0280831516957257,0.0516941892663806,"low trophic"
"SP",50440.83236,5584.098754,"middle",-0.8,0.156056383533152,0.145481433080441,"low trophic"
"PCM",4263.668862,582.6978573,"middle",-0.8,0.0711485375906335,0.0965481047391306,"low trophic"
"BS",1585.7834306,55.16897101,"middle",-0.8,0.527746707602128,-0.652906675599619,"middle trophic"
"SYC",46892.42944,1935.48537,"middle",-0.8,0.467038753325864,-0.712212861907473,"middle trophic"
"WC",5109.788164,102.05179804,"middle",-0.8,0.0376434670354732,-0.787309530902118,"middle trophic"
"SC",3671.6611414,836.46750892,"middle",-0.8,-0.0130887016287094,0.0100018119810309,"high trophic"
"CM",2752.360636,557.87853984,"middle",-0.8,0.0547949663758252,0.0453121162298402,"high trophic"
"LH",7828.518772,1401.37907032,"middle",-0.8,-0.0908214774491035,-0.0834014291933217,"high trophic"
"JSM",4195.0646126,1546.3877718,"middle",-0.8,-0.0352265754647193,-0.0710578723167558,"high trophic"
"SAP",24092.88514,1819.494373,"middle",-0.9,0.0112831310439402,0.0199458824312864,"low trophic"
"JFS",8738.979628,477.486238116,"middle",-0.9,0.00144810981052627,-0.0338497016087187,"low trophic"
"JA",10246.793029,803.73761976,"middle",-0.9,0.0193108343123447,0.0247158133885406,"low trophic"
"SP",41902.2306,4578.635956,"middle",-0.9,-0.0396403290160099,-0.0607718975822909,"low trophic"
"PCM",3554.83332,474.4177908,"middle",-0.9,-0.106930055935367,-0.107218393136409,"low trophic"
"BS",1347.6172408,23.363827998,"middle",-0.9,0.29829695720877,-0.853007431857401,"middle trophic"
"SYC",43962.58016,906.9061048,"middle",-0.9,0.375377850137567,-0.865152216356441,"middle trophic"
"WC",4857.660998,47.57885314,"middle",-0.9,-0.0135559365924984,-0.900838899580002,"middle trophic"
"SC",4153.568334,883.5901376,"middle",-0.9,0.116443854570631,0.066900543664656,"high trophic"
"CM",2470.340965,499.29318706,"middle",-0.9,-0.0532842313495438,-0.0644608445872173,"high trophic"
"LH",5938.94339,1116.27694846,"middle",-0.9,-0.310270571727306,-0.269877881543331,"high trophic"
"JSM",4627.106112,1733.7774704,"middle",-0.9,0.064133552545123,0.0415103906363217,"high trophic"
"SAP",25543.67504,1905.2396894,"high",0.9,0.0721790903295755,0.0680117537512127,"low trophic"
"JFS",8156.1418764,483.09101152,"high",0.9,-0.0653424984197412,-0.0225089485892053,"low trophic"
"JA",10450.57467,863.385111,"high",0.9,0.0395822337557976,0.100762679927939,"low trophic"
"SP",41409.62336,4555.934276,"high",0.9,-0.0509304231269123,-0.0654287552213336,"low trophic"
"PCM",3860.608446,516.33426868,"high",0.9,-0.0301111026705834,-0.0283380028950055,"low trophic"
"BS",1226.096053,187.3551527,"high",0.9,0.181223218775833,0.178737279373882,"middle trophic"
"SYC",36535.92068,7584.482598,"high",0.9,0.143033367349454,0.127736005977141,"middle trophic"
"WC",5290.090506,514.7236758,"high",0.9,0.0742574207382114,0.0727573856050806,"middle trophic"
"SC",2805.5895018,1058.07556388,"high",0.9,-0.245881395018241,0.277584873692754,"high trophic"
"CM",2122.4669438,705.04667168,"high",0.9,-0.186600978324949,0.321065027211831,"high trophic"
"LH",3807.5722122,1177.11247342,"high",0.9,-0.5578010375634,-0.230087252145764,"high trophic"
"JSM",3971.095906,2868.87627,"high",0.9,-0.0867344963215805,0.72338405341351,"high trophic"
"SAP",23906.47026,1775.5932816,"high",0.8,0.00345848810789786,-0.00466355746153464,"low trophic"
"JFS",7569.8209378,427.7087583,"high",0.8,-0.132532264353282,-0.134569938420467,"low trophic"
"JA",10472.967098,818.43232124,"high",0.8,0.0418097447831367,0.043450649993646,"low trophic"
"SP",44213.76812,4878.192136,"high",0.8,0.0133379344412664,0.000676880004012854,"low trophic"
"PCM",4411.3761,569.3686842,"high",0.8,0.108256576956767,0.0714646428429942,"low trophic"
"BS",1623.5254002,228.10081264,"high",0.8,0.564107391338749,0.435086932168721,"middle trophic"
"SYC",33032.37686,6875.399436,"high",0.8,0.0334243191662734,0.0223024971402448,"middle trophic"
"WC",3738.746756,357.50558792,"high",0.8,-0.240773585567476,-0.254907481688709,"middle trophic"
"SC",2830.1694462,1007.0328155,"high",0.8,-0.239274514942034,0.215952750744124,"high trophic"
"CM",2464.77059,753.896152348,"high",0.8,-0.0554189819465312,0.412595621001011,"high trophic"
"LH",5650.675518,1661.4342886,"high",0.8,-0.343749057964223,0.0866926206284989,"high trophic"
"JSM",3782.718038,2438.9441486,"high",0.8,-0.130057300044591,0.465116323355217,"high trophic"
"SAP",27053.59246,2017.6036998,"high",0.7,0.13555688868135,0.130999148184307,"low trophic"
"JFS",8403.5993876,481.64879309,"high",0.7,-0.0369849707221544,-0.0254271473879557,"low trophic"
"JA",12362.932994,977.6452918,"high",0.7,0.229816149208546,0.246437351895335,"low trophic"
"SP",44748.0678,4930.39733,"high",0.7,0.0255835800201357,0.0113858740730247,"low trophic"
"PCM",3975.834974,538.13315802,"high",0.7,-0.00116309311504061,0.0126841675003943,"low trophic"
"BS",1567.2671064,239.15653078,"high",0.7,0.509908046415752,0.504643530607917,"middle trophic"
"SYC",33982.26166,7051.214034,"high",0.7,0.0631416494355064,0.048444353223253,"middle trophic"
"WC",3763.426158,367.17434626,"high",0.7,-0.235761945273645,-0.234756413442733,"middle trophic"
"SC",3323.1338246,1159.81742634,"high",0.7,-0.106769881207769,0.400434194608521,"high trophic"
"CM",2507.0175568,761.12582908,"high",0.7,-0.0392285571372125,0.426142061928012,"high trophic"
"LH",4475.965777,1330.2496085,"high",0.7,-0.480175998724521,-0.129925003312045,"high trophic"
"JSM",3699.8468606,2358.9708572,"high",0.7,-0.1491158645719,0.417074971227559,"high trophic"
"SAP",29524.47444,2246.517215,"high",0.6,0.239270547325989,0.259320181063429,"low trophic"
"JFS",8621.871008,475.40049802,"high",0.6,-0.0119720160089407,-0.0380700084055557,"low trophic"
"JA",10167.9007288,810.23059328,"high",0.6,0.0114629373059258,0.0329939535157176,"low trophic"
"SP",0,0,"high",0.6,-1,-1,"low trophic"
"PCM",4401.670556,592.36533392,"high",0.6,0.105818282708642,0.114740814790256,"low trophic"
"BS",982.48431854,141.735575634,"high",0.6,-0.0534727794751335,-0.108276423649638,"middle trophic"
"SYC",37733.26568,7823.494862,"high",0.6,0.180492537989109,0.163274717088957,"middle trophic"
"WC",6479.43585,617.9774592,"high",0.6,0.315777496843397,0.287952963235857,"middle trophic"
"SC",3090.0204408,1035.3155118,"high",0.6,-0.169428776844871,0.250103000701342,"high trophic"
"CM",2558.308172,727.4109267,"high",0.6,-0.0195723093230073,0.362969537017074,"high trophic"
"LH",3530.7786478,998.35232652,"high",0.6,-0.58994693530754,-0.347008718033161,"high trophic"
"JSM",4478.87801,2647.511158,"high",0.6,0.0300443198907842,0.590406166569022,"high trophic"
"SAP",26230.22918,1920.439573,"high",0.5,0.100996752319657,0.0765322850160019,"low trophic"
"JFS",6516.0316456,367.154243984,"high",0.5,-0.253291819785932,-0.257096531660479,"low trophic"
"JA",10884.2564908,866.6094087,"high",0.5,0.0827232025774238,0.104873460310782,"low trophic"
"SP",42044.68936,4626.724,"high",0.5,-0.0363753083733527,-0.0509074657407699,"low trophic"
"PCM",4764.977862,602.4093106,"high",0.5,0.197090870264925,0.133642040278764,"low trophic"
"BS",1227.9559966,175.5132967,"high",0.5,0.183015091900747,0.104234726745783,"middle trophic"
"SYC",32418.9109,6686.892206,"high",0.5,0.0142319175800473,-0.00572662520411552,"middle trophic"
"WC",4619.10254,439.52788492,"high",0.5,-0.0619999459143996,-0.0839613429584738,"middle trophic"
"SC",3562.50334,1106.2307914,"high",0.5,-0.0424293905861746,0.335730428102101,"high trophic"
"CM",2240.5492868,597.6747261,"high",0.5,-0.14134794738665,0.119879307305604,"high trophic"
"LH",4825.3736,1230.72288,"high",0.5,-0.439596918883891,-0.195022348514534,"high trophic"
"JSM",3352.6879562,1975.278546,"high",0.5,-0.228954845847643,0.186584302301132,"high trophic"
"SAP",26162.32706,1962.4729152,"high",0.4,0.0981466051447089,0.100094729032263,"low trophic"
"JFS",9595.7923,553.17309194,"high",0.4,0.0996350226266261,0.119295814573865,"low trophic"
"JA",9359.8467532,748.13321784,"high",0.4,-0.0689191070768546,-0.0461763640342983,"low trophic"
"SP",44736.70242,5010.29352,"high",0.4,0.0253230962119681,0.0277751978028943,"low trophic"
"PCM",4533.574474,612.1678257,"high",0.4,0.138956102140965,0.152006070803187,"low trophic"
"BS",1251.5499562,186.0023622,"high",0.4,0.205745556479103,0.170226253279574,"middle trophic"
"SYC",36713.38604,7600.740888,"high",0.4,0.148585405569739,0.13015344959201,"middle trophic"
"WC",4279.9642936,400.84692696,"high",0.4,-0.130868668942509,-0.164577963651851,"middle trophic"
"SC",3430.2309356,1043.4950772,"high",0.4,-0.0779830883098489,0.259979506109046,"high trophic"
"CM",2429.2208392,651.90291904,"high",0.4,-0.0690428136891078,0.22148813982619,"high trophic"
"LH",7182.311942,1605.1660658,"high",0.4,-0.165869821596026,0.0498893218689887,"high trophic"
"JSM",3665.5026038,1817.9967192,"high",0.4,-0.157014295062466,0.092102363489994,"high trophic"
"SAP",24380.24504,1803.6629942,"high",0.3,0.0233448753190585,0.0110713567059628,"low trophic"
"JFS",9205.17792312,505.891846984,"high",0.3,0.0548723562693389,0.0236264836570375,"low trophic"
"JA",9103.112358337,723.52150551909,"high",0.3,-0.0944580390611202,-0.077554776826942,"low trophic"
"SP",40567.4304,4682.1504326,"high",0.3,-0.0702326927767441,-0.0395376901973654,"low trophic"
"PCM",4313.13343,563.31903696,"high",0.3,0.083575370299893,0.0600801334746219,"low trophic"
"BS",1204.1031784,178.82215766,"high",0.3,0.160035242465509,0.12505229012533,"middle trophic"
"SYC",34613.42434,7179.644122,"high",0.3,0.0828876963405357,0.067540610959622,"middle trophic"
"WC",5727.83167,520.87050812,"high",0.3,0.163149414789396,0.085568258854902,"middle trophic"
"SC",3170.8609086,855.54451536,"high",0.3,-0.147699546405316,0.0330365513655305,"high trophic"
"CM",2780.7256948,665.25113002,"high",0.3,0.0656653882427343,0.24649904394053,"high trophic"
"LH",6332.672442,1340.1064114,"high",0.3,-0.264544169554897,-0.123477974351637,"high trophic"
"JSM",4215.85323,2137.9532882,"high",0.3,-0.0304456465750637,0.284305859529751,"high trophic"
"SAP",23175.77066,1703.2214906,"high",0.2,-0.0272121507569231,-0.04523269102413,"low trophic"
"JFS",9280.238926,515.48900778,"high",0.2,0.0634740126015967,0.0430454721567896,"low trophic"
"JA",11418.563012,893.7626976,"high",0.2,0.135873922452562,0.139492226232982,"low trophic"
"SP",41372.228434,4615.8985602,"high",0.2,-0.0517874796204593,-0.0531281177818799,"low trophic"
"PCM",3432.511821,459.85030562,"high",0.2,-0.137660513438177,-0.134632168671747,"low trophic"
"BS",1262.4753706,187.18722694,"high",0.2,0.216271121040257,0.177680781323913,"middle trophic"
"SYC",35314.18738,7325.476086,"high",0.2,0.104811204012363,0.0892243520059169,"middle trophic"
"WC",3551.8807562,338.32298652,"high",0.2,-0.278720419698411,-0.29488675269268,"middle trophic"
"SC",3568.983994,928.43215368,"high",0.2,-0.0406874458894491,0.121045524803444,"high trophic"
"CM",2849.9283802,647.13329504,"high",0.2,0.0921861294802245,0.212551166271892,"high trophic"
"LH",5986.085546,1294.9103346,"high",0.2,-0.30479563617561,-0.153039325936179,"high trophic"
"JSM",4474.328839,1929.5435677,"high",0.2,0.0289981097153116,0.159110502503752,"high trophic"
"SAP",23136.59388,1741.3596258,"high",0.1,-0.0288565705311594,-0.023853765901811,"low trophic"
"JFS",8322.530342,485.3293703,"high",0.1,-0.0462751219682036,-0.0179798316627435,"low trophic"
"JA",11439.350156,882.23760876,"high",0.1,0.137941746115404,0.124798449937451,"low trophic"
"SP",44188.23904,4935.847318,"high",0.1,0.0127528319653776,0.0125038450007487,"low trophic"
"PCM",4076.78629,532.0765002,"high",0.1,0.0241985984236702,0.00128646529440343,"low trophic"
"BS",1312.107235,193.94761484,"high",0.1,0.264086551549936,0.220213485260367,"middle trophic"
"SYC",37266.00198,7754.044464,"high",0.1,0.165874102473851,0.152948143925654,"middle trophic"
"WC",5335.473328,495.91422536,"high",0.1,0.0834732996068709,0.0335558143011737,"middle trophic"
"SC",3227.419176,804.78268728,"high",0.1,-0.132497164986185,-0.0282563713045514,"high trophic"
"CM",2508.5706188,516.616446384,"high",0.1,-0.0386333727857715,-0.0320017848263557,"high trophic"
"LH",5495.324634,1108.98819528,"high",0.1,-0.361791000674672,-0.274645228858019,"high trophic"
"JSM",4058.798046,1656.6413988,"high",0.1,-0.0665649156927778,-0.00482659403203523,"high trophic"
"SAP",25062.86584,1894.6491784,"high",0,0.0519974379294871,0.0620750780199856,"low trophic"
"JFS",8069.0657402,471.07043846,"high",0,-0.0753210354708741,-0.0468314930348356,"low trophic"
"JA",8831.21843908,684.207341128,"high",0,-0.121504981152948,-0.127677907748369,"low trophic"
"SP",46653.3517,5187.63125,"high",0,0.0692508930279328,0.0641529708417612,"low trophic"
"PCM",3581.512344,485.6190435,"high",0,-0.100227566021894,-0.0861393514598146,"low trophic"
"BS",1293.5505768,182.05050026,"high",0,0.246209032512913,0.145363275536572,"middle trophic"
"SYC",36799.62476,7571.252058,"high",0,0.151283400657392,0.125768758225732,"middle trophic"
"WC",5097.865592,491.45900834,"high",0,0.0352223531753684,0.0242705080536028,"middle trophic"
"SC",3678.0888268,838.51904208,"high",0,-0.0113609944413252,0.0124789580588438,"high trophic"
"CM",3758.57871,735.41246508,"high",0,0.440410770369462,0.377962236000424,"high trophic"
"LH",6043.409326,1069.23304752,"high",0,-0.298138240169377,-0.300647837567384,"high trophic"
"JSM",3763.1438146,1364.3284534,"high",0,-0.13455894478339,-0.180424082838582,"high trophic"
"SAP",24751.01262,1864.852192,"high",-0.1,0.0389076025313953,0.04537191364722,"low trophic"
"JFS",8568.9277754,497.86690459,"high",-0.1,-0.0180390744610112,0.00738873716380276,"low trophic"
"JA",11085.32014,913.0023004,"high",-0.1,0.10272422684286,0.16402153125464,"low trophic"
"SP",43339.11248,4801.299348,"high",-0.1,-0.00670834926790412,-0.0150963476683482,"low trophic"
"PCM",4481.412376,610.4303569,"high",-0.1,0.125851577188681,0.148736420682091,"low trophic"
"BS",1102.0465525,158.3109576,"high",-0.1,0.061713699183452,-0.00399308603324029,"middle trophic"
"SYC",40439.90358,8419.683782,"high",-0.1,0.265170229845557,0.251921991673768,"middle trophic"
"WC",3559.5617728,319.90900054,"high",-0.1,-0.277160637484477,-0.333264119787309,"middle trophic"
"SC",3807.967605,815.0975415,"high",-0.1,0.0235493169103821,-0.0158015881343462,"high trophic"
"CM",4252.110912,758.781568,"high",-0.1,0.629548514749693,0.421749556506971,"high trophic"
"LH",6915.681574,1087.691064,"high",-0.1,-0.19683539900672,-0.288575021664952,"high trophic"
"JSM",4333.9577456,1386.600299,"high",-0.1,-0.0032841822137621,-0.167044996417707,"high trophic"
"SAP",22817.52298,1667.524272,"high",-0.2,-0.042249363337086,-0.0652433223652357,"low trophic"
"JFS",8031.53189594,476.12749579544,"high",-0.2,-0.0796222467092738,-0.0365989940357122,"low trophic"
"JA",10173.9752686,804.54126888,"high",-0.2,0.0120672087315394,0.0257404163702022,"low trophic"
"SP",45458.16066,5012.666966,"high",-0.2,0.0418582397609869,0.0282620692650925,"low trophic"
"PCM",3686.89091,488.28585166,"high",-0.2,-0.073753629954694,-0.0811208270274426,"low trophic"
"BS",1216.9779966,180.71968854,"high",-0.2,0.17243886627471,0.136990528037583,"middle trophic"
"SYC",34156.89088,7135.313296,"high",-0.2,0.0686049584656106,0.0609490646004688,"middle trophic"
"WC",5256.33446,497.79636458,"high",-0.2,0.0674025885062957,0.0374784602642798,"middle trophic"
"SC",3321.8542952,610.49886934,"high",-0.2,-0.10711380783194,-0.262846485164861,"high trophic"
"CM",4082.30747,711.29365272,"high",-0.2,0.564474260470578,0.332770164629095,"high trophic"
"LH",7764.127528,1132.3248702,"high",-0.2,-0.098299665570019,-0.259381433834901,"high trophic"
"JSM",3920.511578,1218.1305482,"high",-0.2,-0.0983677892167117,-0.268247716467836,"high trophic"
"SAP",23572.495,1747.8256762,"high",-0.3,-0.0105599054826347,-0.0202291207372319,"low trophic"
"JFS",8791.066889,481.5348964,"high",-0.3,0.00741707773288267,-0.0256576070582981,"low trophic"
"JA",10633.8611106,859.63669136,"high",-0.3,0.0578148509422072,0.0959836764498248,"low trophic"
"SP",44523.56658,4923.827502,"high",-0.3,0.0204382234439465,0.0100381873067151,"low trophic"
"PCM",3791.707502,523.50631518,"high",-0.3,-0.0474208769032836,-0.0148413100581433,"low trophic"
"BS",1430.2755046,206.8952541,"high",-0.3,0.377930082350441,0.301673028036245,"middle trophic"
"SYC",35997.2156,7505.429016,"high",-0.3,0.126179874399494,0.115981536285778,"middle trophic"
"WC",5431.175896,495.96050016,"high",-0.3,0.10290759732656,0.033652257569283,"middle trophic"
"SC",3307.393401,527.73939188,"high",-0.3,-0.11100077324648,-0.362775318385325,"high trophic"
"CM",2675.5797176,407.15807566,"high",-0.3,0.0253699974299923,-0.237096895983329,"high trophic"
"LH",5964.279608,804.16065956,"high",-0.3,-0.307328106374773,-0.474023462414535,"high trophic"
"JSM",3919.190098,1048.68066912,"high",-0.3,-0.0986717008135022,-0.370039216684511,"high trophic"
"SAP",25656.03916,1889.8467178,"high",-0.4,0.0768955009391932,0.0593829840035407,"low trophic"
"JFS",9255.687136,551.32959964,"high",-0.4,0.0606604869115739,0.115565674323636,"low trophic"
"JA",11522.525267,922.769273274,"high",-0.4,0.146215680364636,0.176473818303134,"low trophic"
"SP",44573.70884,4828.218886,"high",-0.4,0.0215874368301187,-0.00957426929464211,"low trophic"
"PCM",3854.443604,521.554621,"high",-0.4,-0.0316598771431112,-0.0185140995275022,"low trophic"
"BS",1150.221958,163.07324192,"high",-0.4,0.108125974478935,0.0259686309628769,"middle trophic"
"SYC",31314.41626,6556.0604168,"high",-0.4,-0.020322411531733,-0.0251799916666028,"middle trophic"
"WC",5007.866656,477.59971148,"high",-0.4,0.0169462906492383,-0.00461423878216409,"middle trophic"
"SC",3497.50654,512.57398788,"high",-0.4,-0.0598999778238413,-0.381086950763253,"high trophic"
"CM",3555.109775,457.25052318,"high",-0.4,0.362434793804213,-0.143237321569011,"high trophic"
"LH",6697.988376,807.0212938,"high",-0.4,-0.222117573820546,-0.47215241031199,"high trophic"
"JSM",3937.0155226,891.1681576,"high",-0.4,-0.0945722416815775,-0.464659731833699,"high trophic"
"SAP",22849.7245,1672.715808,"high",-0.5,-0.0408977255493846,-0.0623331260792406,"low trophic"
"JFS",9923.9205084,555.66749604,"high",-0.5,0.137237052619331,0.124343016091195,"low trophic"
"JA",11306.580912,940.65322212,"high",-0.5,0.124734381773249,0.199274748280506,"low trophic"
"SP",50576.3613,5513.256962,"high",-0.5,0.159162579226401,0.130949462748788,"low trophic"
"PCM",3428.351356,436.31817388,"high",-0.5,-0.13870573438396,-0.178916035750879,"low trophic"
"BS",1298.6354796,203.78363626,"high",-0.5,0.251107837331574,0.282096411677869,"middle trophic"
"SYC",34611.4312,7109.99126,"high",-0.5,0.0828253405689171,0.057183933443153,"middle trophic"
"WC",4666.057788,439.0599866,"high",-0.5,-0.0524647548719416,-0.0849365096393382,"middle trophic"
"SC",3767.0519296,454.12638232,"high",-0.5,0.0125515312276448,-0.451660149234251,"high trophic"
"CM",4539.7055742,473.55146512,"high",-0.5,0.739764232151457,-0.112693805554346,"high trophic"
"LH",7166.112032,670.82316448,"high",-0.5,-0.16775122606962,-0.561235381026508,"high trophic"
"JSM",4372.359432,809.2441967,"high",-0.5,0.00554736864835832,-0.51387288518016,"high trophic"
"SAP",25328.18536,1897.9921066,"high",-0.6,0.0631340516373743,0.0639490084390347,"low trophic"
"JFS",8989.727928,537.11422328,"high",-0.6,0.030182747235316,0.0868021435334106,"low trophic"
"JA",10939.914338,844.77666748,"high",-0.6,0.0882598272076763,0.0770380639976986,"low trophic"
"SP",43191.74116,4724.963254,"high",-0.6,-0.0100859611601856,-0.0307553791796099,"low trophic"
"PCM",3927.124494,510.56344214,"high",-0.6,-0.0134004785936265,-0.0391978144181452,"low trophic"
"BS",926.9938788,129.4250216,"high",-0.6,-0.106932372368032,-0.185727770786365,"middle trophic"
"SYC",32538.23532,6703.677846,"high",-0.6,0.0179650052116472,-0.00323076996721895,"middle trophic"
"WC",4090.5268124,384.32713316,"high",-0.6,-0.169337693189682,-0.199007564699597,"middle trophic"
"SC",4421.362368,435.04649414,"high",-0.6,0.18842461412685,-0.474698368207128,"high trophic"
"CM",3986.0256216,366.87273586,"high",-0.6,0.527575894857679,-0.312580627283432,"high trophic"
"LH",8293.364354,654.22436126,"high",-0.6,-0.0368358344729802,-0.572092143219395,"high trophic"
"JSM",4451.694868,641.03159388,"high",-0.6,0.023792789719306,-0.614921131950024,"high trophic"
"SAP",25295.48768,1869.4311222,"high",-0.7,0.0617615878574607,0.0479387042197733,"low trophic"
"JFS",9905.3686836,540.66342918,"high",-0.7,0.135111096195314,0.0939836412722083,"low trophic"
"JA",12702.209412,1031.3301263,"high",-0.7,0.263566038341208,0.314882199441134,"low trophic"
"SP",43438.27686,4679.168718,"high",-0.7,-0.0044355950496567,-0.0401493374592622,"low trophic"
"PCM",4076.2712316,544.89007344,"high",-0.7,0.0240692018711257,0.0253996472380674,"low trophic"
"BS",1449.9889278,203.55960646,"high",-0.7,0.39692203094078,0.280686937355199,"middle trophic"
"SYC",36330.16434,7527.477668,"high",-0.7,0.136596240330716,0.119259948283218,"middle trophic"
"WC",4622.1096428,439.24003764,"high",-0.7,-0.0613892942640812,-0.0845612576506947,"middle trophic"
"SC",3542.903686,258.9401783,"high",-0.7,-0.0476976109452551,-0.687339859003771,"high trophic"
"CM",3556.2087572,258.56892652,"high",-0.7,0.362855959867095,-0.515512405532901,"high trophic"
"LH",9279.728822,546.62666868,"high",-0.7,0.0777173033339353,-0.642468455617441,"high trophic"
"JSM",4009.657266,454.37067868,"high",-0.7,-0.0778662240117339,-0.727051601993353,"high trophic"
"SAP",25244.20504,1877.5293122,"high",-0.8,0.0596090325098532,0.052478270633506,"low trophic"
"JFS",8960.4839132,506.74947136,"high",-0.8,0.0268315134996408,0.0253618091609712,"low trophic"
"JA",10557.2708996,828.331084488,"high",-0.8,0.0501959567522278,0.0560709616274896,"low trophic"
"SP",42741.99908,4775.7941552,"high",-0.8,-0.0203936261649325,-0.020328297547209,"low trophic"
"PCM",4842.708226,644.10567572,"high",-0.8,0.216618832782618,0.212108212024625,"low trophic"
"BS",1466.0226906,226.23487174,"high",-0.8,0.41236898785526,0.423347441323437,"middle trophic"
"SYC",30968.75842,6513.120654,"high",-0.8,-0.0311363841223352,-0.0315647009690471,"middle trophic"
"WC",4296.276478,401.81190976,"high",-0.8,-0.127556157536461,-0.162566802179489,"middle trophic"
"SC",3615.3831518,185.3708355,"high",-0.8,-0.0282157467581202,-0.776171963947324,"high trophic"
"CM",4013.792063,183.64209086,"high",-0.8,0.53821690688198,-0.655904845020935,"high trophic"
"LH",10013.482936,412.72714704,"high",-0.8,0.16293310222404,-0.730047978364914,"high trophic"
"JSM",4461.50311,306.61117118,"high",-0.8,0.0260484715971463,-0.815813317382958,"high trophic"
"SAP",24684.25722,1842.003461,"high",-0.9,0.0361055881801123,0.0325637019549764,"low trophic"
"JFS",8049.926111,448.00486198,"high",-0.9,-0.0775143516588878,-0.0935026048278106,"low trophic"
"JA",10688.9528768,870.90577486,"high",-0.9,0.0632951640518926,0.110351061751877,"low trophic"
"SP",42401.90788,4720.09656,"high",-0.9,-0.028188196245327,-0.0317536974155636,"low trophic"
"PCM",5037.957196,682.604974,"high",-0.9,0.265670636628255,0.284557993731966,"low trophic"
"BS",1247.3796704,186.37124614,"high",-0.9,0.201727895380008,0.172547071498737,"middle trophic"
"SYC",31138.13638,6411.534076,"high",-0.9,-0.0258373617802061,-0.0466695997217736,"middle trophic"
"WC",4406.381616,396.8606135,"high",-0.9,-0.105197133352706,-0.172886008155352,"middle trophic"
"SC",3959.1491906,100.31622843,"high",-0.9,0.0641856417748917,-0.878872076434599,"high trophic"
"CM",4106.04731,100.4687832,"high",-0.9,0.573572146629479,-0.81174892224399,"high trophic"
"LH",9775.814078,199.38486732,"high",-0.9,0.135331019701653,-0.869588544387023,"high trophic"
"JSM",4729.763774,177.19986856,"high",-0.9,0.0877425772607498,-0.893552945821789,"high trophic"
